-- phpMyAdmin SQL Dump
-- version 5.2.1
-- https://www.phpmyadmin.net/
--
-- Servidor: localhost:3306
-- Tiempo de generación: 10-02-2025 a las 23:44:00
-- Versión del servidor: 8.0.30
-- Versión de PHP: 8.2.22

SET SQL_MODE = "NO_AUTO_VALUE_ON_ZERO";
START TRANSACTION;
SET time_zone = "+00:00";


/*!40101 SET @OLD_CHARACTER_SET_CLIENT=@@CHARACTER_SET_CLIENT */;
/*!40101 SET @OLD_CHARACTER_SET_RESULTS=@@CHARACTER_SET_RESULTS */;
/*!40101 SET @OLD_COLLATION_CONNECTION=@@COLLATION_CONNECTION */;
/*!40101 SET NAMES utf8mb4 */;

--
-- Base de datos: `goirdrop_db`
--

-- --------------------------------------------------------

--
-- Estructura de tabla para la tabla `categorias`
--

CREATE TABLE `categorias` (
  `id` bigint UNSIGNED NOT NULL,
  `nombre` varchar(255) COLLATE utf8mb4_unicode_ci NOT NULL,
  `fecha_registro` date DEFAULT NULL,
  `created_at` timestamp NULL DEFAULT NULL,
  `updated_at` timestamp NULL DEFAULT NULL
) ENGINE=InnoDB DEFAULT CHARSET=utf8mb4 COLLATE=utf8mb4_unicode_ci;

--
-- Volcado de datos para la tabla `categorias`
--

INSERT INTO `categorias` (`id`, `nombre`, `fecha_registro`, `created_at`, `updated_at`) VALUES
(1, 'CATEGORIA #1', NULL, '2025-02-10 18:58:45', '2025-02-10 18:58:45'),
(4, 'CATEGORIA #2', NULL, '2025-02-10 19:03:40', '2025-02-10 19:03:40');

-- --------------------------------------------------------

--
-- Estructura de tabla para la tabla `clientes`
--

CREATE TABLE `clientes` (
  `id` bigint UNSIGNED NOT NULL,
  `user_id` bigint UNSIGNED NOT NULL,
  `nombre` varchar(255) COLLATE utf8mb4_unicode_ci NOT NULL,
  `paterno` varchar(255) COLLATE utf8mb4_unicode_ci NOT NULL,
  `materno` varchar(255) COLLATE utf8mb4_unicode_ci DEFAULT NULL,
  `correo` varchar(255) COLLATE utf8mb4_unicode_ci NOT NULL,
  `fecha_registro` date NOT NULL,
  `created_at` timestamp NULL DEFAULT NULL,
  `updated_at` timestamp NULL DEFAULT NULL
) ENGINE=InnoDB DEFAULT CHARSET=utf8mb4 COLLATE=utf8mb4_unicode_ci;

-- --------------------------------------------------------

--
-- Estructura de tabla para la tabla `configuracions`
--

CREATE TABLE `configuracions` (
  `id` bigint UNSIGNED NOT NULL,
  `nombre_sistema` varchar(255) COLLATE utf8mb4_unicode_ci NOT NULL,
  `alias` varchar(255) COLLATE utf8mb4_unicode_ci DEFAULT NULL,
  `logo` varchar(255) COLLATE utf8mb4_unicode_ci DEFAULT NULL,
  `fono` varchar(255) COLLATE utf8mb4_unicode_ci NOT NULL,
  `dir` varchar(255) COLLATE utf8mb4_unicode_ci NOT NULL,
  `conf_correos` json NOT NULL,
  `conf_moneda` json NOT NULL,
  `conf_captcha` json NOT NULL,
  `created_at` timestamp NULL DEFAULT NULL,
  `updated_at` timestamp NULL DEFAULT NULL
) ENGINE=InnoDB DEFAULT CHARSET=utf8mb4 COLLATE=utf8mb4_unicode_ci;

--
-- Volcado de datos para la tabla `configuracions`
--

INSERT INTO `configuracions` (`id`, `nombre_sistema`, `alias`, `logo`, `fono`, `dir`, `conf_correos`, `conf_moneda`, `conf_captcha`, `created_at`, `updated_at`) VALUES
(1, 'GOIRDROP S.A.', 'GOIRDROP.', 'lg1738947677.png', '7777777', 'ZONA LOS OLIVOS C. 4 #333', '{\"host\": \"smtp.hostinger.com\", \"correo\": \"mensaje@emsytsrl.com\", \"driver\": \"smtp\", \"nombre\": \"unibienes\", \"puerto\": \"587\", \"password\": \"8Z@d>&kj^y\", \"encriptado\": \"tls\"}', '{\"abrev\": \"Bs\", \"moneda\": \"Bolivianos\"}', '{\"key\": \"Clave 1\", \"key2\": \"bbb\"}', '2025-02-07 15:22:56', '2025-02-07 17:08:18');

-- --------------------------------------------------------

--
-- Estructura de tabla para la tabla `configuracion_pagos`
--

CREATE TABLE `configuracion_pagos` (
  `id` bigint UNSIGNED NOT NULL,
  `nombre_banco` varchar(400) COLLATE utf8mb4_unicode_ci NOT NULL,
  `titular_cuenta` varchar(400) COLLATE utf8mb4_unicode_ci NOT NULL,
  `nro_cuenta` varchar(400) COLLATE utf8mb4_unicode_ci NOT NULL,
  `imagen_qr` varchar(400) COLLATE utf8mb4_unicode_ci NOT NULL,
  `fecha_registro` date NOT NULL,
  `created_at` timestamp NULL DEFAULT NULL,
  `updated_at` timestamp NULL DEFAULT NULL
) ENGINE=InnoDB DEFAULT CHARSET=utf8mb4 COLLATE=utf8mb4_unicode_ci;

-- --------------------------------------------------------

--
-- Estructura de tabla para la tabla `detalle_ventas`
--

CREATE TABLE `detalle_ventas` (
  `id` bigint UNSIGNED NOT NULL,
  `orden_venta_id` bigint UNSIGNED NOT NULL,
  `producto_id` bigint UNSIGNED NOT NULL,
  `cantidad` int NOT NULL,
  `precio` decimal(24,2) NOT NULL,
  `created_at` timestamp NULL DEFAULT NULL,
  `updated_at` timestamp NULL DEFAULT NULL
) ENGINE=InnoDB DEFAULT CHARSET=utf8mb4 COLLATE=utf8mb4_unicode_ci;

-- --------------------------------------------------------

--
-- Estructura de tabla para la tabla `historial_accions`
--

CREATE TABLE `historial_accions` (
  `id` bigint UNSIGNED NOT NULL,
  `user_id` bigint UNSIGNED NOT NULL,
  `accion` varchar(155) COLLATE utf8mb4_unicode_ci NOT NULL,
  `descripcion` text COLLATE utf8mb4_unicode_ci NOT NULL,
  `datos_original` json DEFAULT NULL,
  `datos_nuevo` json DEFAULT NULL,
  `modulo` varchar(155) COLLATE utf8mb4_unicode_ci NOT NULL,
  `fecha` date NOT NULL,
  `hora` time NOT NULL,
  `created_at` timestamp NULL DEFAULT NULL,
  `updated_at` timestamp NULL DEFAULT NULL
) ENGINE=InnoDB DEFAULT CHARSET=utf8mb4 COLLATE=utf8mb4_unicode_ci;

--
-- Volcado de datos para la tabla `historial_accions`
--

INSERT INTO `historial_accions` (`id`, `user_id`, `accion`, `descripcion`, `datos_original`, `datos_nuevo`, `modulo`, `fecha`, `hora`, `created_at`, `updated_at`) VALUES
(1, 1, 'CREACIÓN', 'EL USUARIO admin@admin.com REGISTRO UN ROLE', '{\"id\": 13, \"nombre\": \"ADMINISTRADOR\", \"created_at\": \"2025-02-08T17:41:05.000000Z\", \"updated_at\": \"2025-02-08T17:41:05.000000Z\"}', NULL, 'ROLES', '2025-02-08', '13:41:05', '2025-02-08 17:41:05', '2025-02-08 17:41:05'),
(2, 1, 'CREACIÓN', 'EL USUARIO admin@admin.com REGISTRO UN ROLE', '{\"id\": 14, \"nombre\": \"AUXILIAR\", \"created_at\": \"2025-02-08T17:41:11.000000Z\", \"updated_at\": \"2025-02-08T17:41:11.000000Z\"}', NULL, 'ROLES', '2025-02-08', '13:41:11', '2025-02-08 17:41:11', '2025-02-08 17:41:11'),
(3, 1, 'ELIMINACIÓN', 'EL USUARIO admin@admin.com ELIMINÓ UN ROLE', '{\"id\": 14, \"nombre\": \"AUXILIAR\", \"permisos\": 0, \"usuarios\": 1, \"created_at\": \"2025-02-08T17:41:11.000000Z\", \"updated_at\": \"2025-02-08T17:41:11.000000Z\"}', NULL, 'ROLES', '2025-02-08', '14:04:34', '2025-02-08 18:04:34', '2025-02-08 18:04:34'),
(4, 1, 'ELIMINACIÓN', 'EL USUARIO admin@admin.com ELIMINÓ UN ROLE', '{\"id\": 13, \"nombre\": \"ADMINISTRADOR\", \"permisos\": 0, \"usuarios\": 1, \"created_at\": \"2025-02-08T17:41:05.000000Z\", \"updated_at\": \"2025-02-08T17:41:05.000000Z\"}', NULL, 'ROLES', '2025-02-08', '14:04:59', '2025-02-08 18:04:59', '2025-02-08 18:04:59'),
(5, 1, 'CREACIÓN', 'EL USUARIO admin@admin.com REGISTRO UN ROLE', '{\"id\": 3, \"nombre\": \"ADMINITRADOR\", \"created_at\": \"2025-02-09T15:32:31.000000Z\", \"updated_at\": \"2025-02-09T15:32:31.000000Z\"}', NULL, 'ROLES', '2025-02-09', '11:32:31', '2025-02-09 15:32:31', '2025-02-09 15:32:31'),
(6, 1, 'CREACIÓN', 'EL USUARIO admin@admin.com REGISTRO UN USUARIO', '{\"ci\": \"222222\", \"id\": 2, \"foto\": \"21739118494.jpg\", \"acceso\": \"1\", \"ci_exp\": \"LP\", \"correo\": \"juan@gmail.com\", \"nombres\": \"JUAN\", \"role_id\": \"3\", \"usuario\": \"juan@gmail.com\", \"apellidos\": \"PERES\", \"created_at\": \"2025-02-09T16:28:14.000000Z\", \"sedes_todo\": 0, \"updated_at\": \"2025-02-09T16:28:14.000000Z\", \"fecha_registro\": \"2025-02-09\"}', NULL, 'USUARIOS', '2025-02-09', '12:28:14', '2025-02-09 16:28:14', '2025-02-09 16:28:14'),
(7, 1, 'MODIFICACIÓN', 'admin@admin.com ACTUALIZO LAS SEDES DEL USUARIO juan@gmail.com', '{\"sedes\": [1, 2, 3]}', '{\"updated\": [], \"attached\": [8], \"detached\": []}', 'USUARIOS', '2025-02-09', '12:28:27', '2025-02-09 16:28:27', '2025-02-09 16:28:27'),
(8, 1, 'CREACIÓN', 'EL USUARIO admin REGISTRO UNA CATEGORÍA', '{\"id\": 1, \"nombre\": \"CATEGORIA #1\", \"created_at\": \"2025-02-10T18:58:45.000000Z\", \"updated_at\": \"2025-02-10T18:58:45.000000Z\"}', NULL, 'CATEGORÍAS', '2025-02-10', '14:58:45', '2025-02-10 18:58:45', '2025-02-10 18:58:45'),
(9, 1, 'CREACIÓN', 'EL USUARIO admin REGISTRO UNA CATEGORÍA', '{\"id\": 4, \"nombre\": \"CATEGORIA #2\", \"created_at\": \"2025-02-10T19:03:40.000000Z\", \"updated_at\": \"2025-02-10T19:03:40.000000Z\"}', NULL, 'CATEGORÍAS', '2025-02-10', '15:03:40', '2025-02-10 19:03:40', '2025-02-10 19:03:40'),
(10, 1, 'CREACIÓN', 'EL USUARIO admin REGISTRO UN PRODUCTO', '{\"id\": 1, \"nombre\": \"PRODUCTO 1\", \"imagens\": [], \"publico\": \"HABILITADO\", \"created_at\": \"2025-02-10T23:35:37.000000Z\", \"updated_at\": \"2025-02-10T23:35:37.000000Z\", \"descripcion\": \"DESCRIPCION PRODUCTO 1\", \"categoria_id\": \"1\", \"precio_venta\": \"250\", \"stock_actual\": \"20\", \"observaciones\": \"OBSERVACIONES\", \"precio_compra\": \"230\", \"fecha_registro\": \"2025-02-10\"}', NULL, 'PRODUCTOS', '2025-02-10', '19:35:37', '2025-02-10 23:35:37', '2025-02-10 23:35:37'),
(11, 1, 'CREACIÓN', 'admin REGISTRÓ LAS IMAGENES DEL PRODUCTO PRODUCTO 1', '[]', NULL, 'PRODUCTOS', '2025-02-10', '19:35:37', '2025-02-10 23:35:37', '2025-02-10 23:35:37'),
(12, 1, 'MODIFICACIÓN', 'EL USUARIO admin ACTUALIZÓ UN PRODUCTO', '{\"id\": 1, \"nombre\": \"PRODUCTO 1\", \"status\": 1, \"publico\": \"HABILITADO\", \"created_at\": \"2025-02-10T23:35:37.000000Z\", \"updated_at\": \"2025-02-10T23:35:37.000000Z\", \"descripcion\": \"DESCRIPCION PRODUCTO 1\", \"categoria_id\": 1, \"precio_venta\": \"250.00\", \"stock_actual\": 20, \"observaciones\": \"OBSERVACIONES\", \"precio_compra\": \"230.00\", \"fecha_registro\": \"2025-02-10\"}', '{\"id\": 1, \"nombre\": \"PRODUCTO 1S\", \"status\": 1, \"publico\": \"HABILITADO\", \"created_at\": \"2025-02-10T23:35:37.000000Z\", \"updated_at\": \"2025-02-10T23:41:00.000000Z\", \"descripcion\": \"DESCRIPCION PRODUCTO 1\", \"categoria_id\": \"1\", \"precio_venta\": \"250.00\", \"stock_actual\": \"20\", \"observaciones\": \"OBSERVACIONES\", \"precio_compra\": \"230.00\", \"fecha_registro\": \"2025-02-10\"}', 'PRODUCTOS', '2025-02-10', '19:41:00', '2025-02-10 23:41:00', '2025-02-10 23:41:00'),
(13, 1, 'MODIFICACIÓN', 'admin ACTUALIZÓ LAS IMAGENES DEL PRODUCTO PRODUCTO 1S', '[{\"id\": 1, \"imagen\": \"011739230537.webp\", \"created_at\": \"2025-02-10T23:35:37.000000Z\", \"updated_at\": \"2025-02-10T23:35:37.000000Z\", \"producto_id\": 1}]', '[{\"id\": 1, \"imagen\": \"011739230537.webp\", \"created_at\": \"2025-02-10T23:35:37.000000Z\", \"updated_at\": \"2025-02-10T23:35:37.000000Z\", \"producto_id\": 1}]', 'PRODUCTOS', '2025-02-10', '19:42:20', '2025-02-10 23:42:20', '2025-02-10 23:42:20'),
(14, 1, 'MODIFICACIÓN', 'admin ACTUALIZÓ LAS IMAGENES DEL PRODUCTO PRODUCTO 1S', '[{\"id\": 1, \"imagen\": \"011739230537.webp\", \"created_at\": \"2025-02-10T23:35:37.000000Z\", \"updated_at\": \"2025-02-10T23:35:37.000000Z\", \"producto_id\": 1}, {\"id\": 3, \"imagen\": \"111739230955.jpg\", \"created_at\": \"2025-02-10T23:42:35.000000Z\", \"updated_at\": \"2025-02-10T23:42:35.000000Z\", \"producto_id\": 1}, {\"id\": 4, \"imagen\": \"211739230955.jpg\", \"created_at\": \"2025-02-10T23:42:35.000000Z\", \"updated_at\": \"2025-02-10T23:42:35.000000Z\", \"producto_id\": 1}]', '[{\"id\": 1, \"imagen\": \"011739230537.webp\", \"created_at\": \"2025-02-10T23:35:37.000000Z\", \"updated_at\": \"2025-02-10T23:35:37.000000Z\", \"producto_id\": 1}, {\"id\": 3, \"imagen\": \"111739230955.jpg\", \"created_at\": \"2025-02-10T23:42:35.000000Z\", \"updated_at\": \"2025-02-10T23:42:35.000000Z\", \"producto_id\": 1}, {\"id\": 4, \"imagen\": \"211739230955.jpg\", \"created_at\": \"2025-02-10T23:42:35.000000Z\", \"updated_at\": \"2025-02-10T23:42:35.000000Z\", \"producto_id\": 1}]', 'PRODUCTOS', '2025-02-10', '19:42:35', '2025-02-10 23:42:35', '2025-02-10 23:42:35'),
(15, 1, 'CREACIÓN', 'EL USUARIO admin REGISTRO UN PRODUCTO', '{\"id\": 2, \"nombre\": \"PRODUCTO 2\", \"imagens\": [], \"publico\": \"DESHABILITADO\", \"created_at\": \"2025-02-10T23:43:19.000000Z\", \"updated_at\": \"2025-02-10T23:43:19.000000Z\", \"descripcion\": \"DESCRIPCION PRODUCTO 2\", \"categoria_id\": \"4\", \"precio_venta\": \"499.99\", \"stock_actual\": \"10\", \"observaciones\": \"\", \"precio_compra\": \"330\", \"fecha_registro\": \"2025-02-10\"}', NULL, 'PRODUCTOS', '2025-02-10', '19:43:19', '2025-02-10 23:43:19', '2025-02-10 23:43:19'),
(16, 1, 'CREACIÓN', 'admin REGISTRÓ LAS IMAGENES DEL PRODUCTO PRODUCTO 2', '[{\"id\": 5, \"ext\": \"png\", \"name\": \"021739230999.png\", \"imagen\": \"021739230999.png\", \"url_file\": \"http://goirdrop.test/imgs/productos/021739230999.png\", \"created_at\": \"2025-02-10T23:43:19.000000Z\", \"imagen_b64\": \"data:image/png;base64,iVBORw0KGgoAAAANSUhEUgAAAgAAAAIACAYAAAD0eNT6AAAABHNCSVQICAgIfAhkiAAAAAlwSFlzAAAN1wAADdcBQiibeAAAABl0RVh0U29mdHdhcmUAd3d3Lmlua3NjYXBlLm9yZ5vuPBoAACAASURBVHic7d15nBzVfe/9T/U23bOqZySNdiSBLXsAA+Zik0cgroPBGzZt4y0JuTKJt9jx60ni172PnUR4Ue6Nkyf4+gmB2MYEKzchsTHQ3gkYLzLYBgwO22BWiUUaaTRSaUYz09NrPX/UDBbSjKaXqj5V3d/36zUvhJg+9Sumps63qk6dYzmOg4iIiLSXiOkCREREpPkUAERERNqQAoCIiEgbUgAQERFpQwoAIiIibUgBQEREpA0pAIiIiLQhBQAREZE2pAAgIiLShhQARERE2lDMdAEiUoVsOg70A0uBgaO+jv73NNAx+5U46p8n+jNAYfYrv8if87NfNnBw9mvsqD/P/fshMnbRj/8NIuIdS2sBiBiWTfcCG4D1s/+c+/NKftPB9xqqrl4T/CYQjAC7gV2zX+6fM/aEqeJERAFAxH/ZdAQ4ZfZrvo6+31Rphh1ivmAATwFPkbErxioTaQMKACJeyqaXAq866ut04FQgZbKsEMoBjwIPAw+9+JWxx4xWJdJCFABE6pFNJ4Ah3A7+6A5/hcmy2sA+jg4EbkAYJmMXjFYlEkIKACLVyKYHgM2zX+cBZ+MOphPz8sD9wF3A3cDdZOyDZksSCT4FAJH5ZNMv46Ud/ibAMlqTVMsBHuelgeBJsyWJBI8CgEg2bQGvBi7A7ew3A8uN1iReG8UNA3cBPwEeIGPr5CdtTQFA2pM7WO9i4E2z/1SH315GgduB7wO3a3ChtCMFAGkP2XQUeA1uh/9G3Gf4mglTACq4Ywhuww0E95Kxy2ZLEvGfAoC0rmx6JW5n/0bgItyZ8kQWYwN34AaC28jYI4brEfGFAoC0lmx6FfAu4D3AuWjgnjTGAX4BfA24iYy913A9Ip5RAJDwy6YHgXfidvrnoU5f/OHgDiL8GvANMvZ+w/WINEQBQMLJfS//MtxO/wIgarYgaTNl3LcJvgbcrHkHJIwUACQ8suk+4B24nf6FaDVLCYYScCduGLiFjD1uuB6RqigASPBl0+cDH8C9za859SXIcsA3gOvI2D81XYzIiSgASDBl08uArcD7cWfhEwmbx4GvADvI2AdMFyNyLAUACQ53Rr6LcDv9S4GE2YJEPFEAvokbBu7QDIQSFAoAYl42vRq4AvhDYL3ZYkR8tRu4HriBjL3HcC3S5hQAxBz32f7HgUvQKH5pL2XgO8BVGisgpigASHO5U/Jehtvxv8ZwNSJBcC9wFe7rhJqCWJpGAUCaI5vuwr3F/yfABsPViATRLuALwPVk7CnTxUjrUwAQf7nz8X8M+DCai1+kGjbwReBqrUMgflIAEH9k06fh3ub/XTSaX6QeBeBG3HECj5guRlqPAoB4K5s+C/gM8FbTpYi0kG8DnyJj/8p0IdI6FADEG+4V/2eAt6PFeET84AC34gYB3RGQhikASGOy6U3Ap4F3AxGzxYi0hQrwdeDTZOzHTRcj4aUAIPXJpjcCVwKXo3f4RUwoA/8CfJaM/YzpYiR8FACkNtn0OuAvcWfu02p8IuaVgBuAvyJjP2e6GAkPBQCpjrs4z6dwV+XTqH6R4CkA1wGf0eJDUg0FADmxbDqO+x7/lUCf4WpEZHHjwGdx5xEomi5GgksBQBaWTb8F+DzwctOliEjNngD+jIz9XdOFSDApAMjxsulX4nb8bzRdiog07DbcIPCY6UIkWBQA5Dey6TTuc/6PogF+Iq2kBFyDOz7ANl2MBIMCgMyt0PdBYDswYLgaEfHPQWAb8GWtPCgKAO0umz4PuBY43XQpItI0DwMfIWPfZboQMUcBoF1l073A53BX6dPUvSLtx8FddfATZOwJ08VI8ykAtKNs+m24V/2rTZciIsbtwb0b8C3ThUhzKQC0k2x6ELgaeJfpUkQkcG4CPkbG3m+6EGkOLd7SLrLpK4DHUOcvIvN7F/DY7LlC2oDuALS6bPpk4EvAhaZLEZHQuBP4EBn7adOFiH8UAFqV+2rfn+JOCZoyXI2IhE8Odwrw/61XBluTAkAryqbX4y4TutlwJSISfncDl5Oxd5suRLylMQCtJpv+PeBB1PmLiDc2Aw/OnlukhSx6B+CirTtSwJnAf0GvjQVWKpbv2Lzy4YsHUuNDpmsRkdZ0MNc3fPfI6bfnSh1507U0aAK4H/jlHTu2HjRdjCnzBoCLtu6IA58ALgNORfPCi4hIa9oF/BD48zt2bB01XUwzHRcALtq640xgB/AqIxWJiIg03xjw0Tt2bP266UKa5SUB4KKtO/4CdzW4uLGKREREzPkG8L47dmydMl2I314cBHjR1h2XAX+FOn8REWlf7wT+1nQRzWA5jsNFW3csBR4FlpsuSERExDAHuPiOHVt/YLoQP83dAbgWdf4iIiLgrpB6/UVbd/SaLsRPkYu27ngVmh9eRETkaOuAD5kuwk8R4DWmixAREQmgc0wX4KcI7gQ/IiIi8lKvNl2AnyK0eMIRERGp08aLtu5YYroIv0SA000XISIiEkAW0LLTq0fQe/8iIiILSZguwC9aDVBERKQNKQCIiIi0IQUAERGRNqQAICIi0oYUAERERNqQAoCIiEgbUgAQERFpQwoAIiIibUgBQEREpA3F/N5AJGLxilOWs2HtAEt6U35vTkREWlxupsjuFw7x2JP7yc0UTZcTWr4GgJXLe/njK87jZRuW+bkZERFpQ/b4NNfuuJsHh/eaLiWUfHsE0JlKcOWfXqzOX0REfJHu6+STf/x6Tl6/1HQpoeRbAHj3W89kIN3lV/MiIiJEIhYfvvy3TJcRSr4FgNNfsdKvpkVERF500pp+enuSpssIHV8CQDRisWZlnx9Ni4iIHGfdqrTpEkLHlwAQiUawLMuPpkVERI4Ti+mt9lrp/5iIiEgbUgAQERFpQwoAIiIibUgBQEREpA0pAIiIiLQhBQAREZE2pAAgIiLShhQARERE2pACgIiISBtSABAREWlDCgAiIiJtKGa6AJGwuf/ADH9z3ygvHMkzXSid8HuT8Rir0t10dcTpiFf369Yds1jfHeP8FQnOHoh7UbI0S2kG7r0Ga+89cPBJnEq5qo9Z8RQsHcI55Y1w2nuCu73iNNZ918Cee+HQU/5vT3ylACBSg2sftvnKQ/uoVBb/3v7uFOuXLiFS4322yZLDI4eLPHK4yObBBFec0llfsdJc9i649XIs+5kX/6qmJdHGn8N6+jZ44ts4l/4TRBOB25516+XQrO2J7wIdAO4fneFv7x/l+YnqrrRWprvp7kjQEY9W1X53zGJ9T4wtgwlerSstWcQjB/Nc/9D+qjr/RCzKSUv7au78j3X3/gIv74mxeVAny0BzyvD9P35JZ1y3XXdi/ezvcM7/88Btj2ZtT5oisGMArn3Y5gO37+bxsalFO//+7hRDa5Yy0J2quvOH2Sstu8i1v57iq09NN1qytLirHxyjXHGq+t5lvV1EI94sif39vXlP2hEfPXMH1sgD3rV337VQmGrf7UlTBDIAvHil5Sx+sn3xSstq7GR71/4CPxstNNSGtLZdE9V3xN1J726u7Z8uM1OqLniIGdb+h7xt0CnD/gfbdnvSHIEMALVcaS3v7fTsSut7L+hKSxY2VahuwBNAPOpdAHCAw4UqnjuIOUf2et/mxAvtuz1pikAGgN3j1XfEXR3ePRvdnyuTK+tKS0RqVMXdSk/bbPXtSVMEMgBMFWu40op5twsOMK4rLRERaQOBDAAiIiLiLwUAERGRNqQAICIi0oYCPRFQEB0qwAPj8EIO9s7AVBXDFZbEYXUS1qbgnDQkPYhdqiOYdYiIhIUCQJUc4B4bbhuFYo3jBA8X3a9Hj8DPbXjHCjilW3W0Uh0iImGja54qfXMEvr2v9k7mWONFuOF5uP+w6milOkREwkYBoApPTsF9HncM3x0Fu6g6WqEOEZEwUgBYRMWBW0e8bzdfdq9cVUe46xARCSsFgEXsL7i3h/3w9BRUO8W76ghmHSIATmrA+0a7l7Xt9qQ5FAAWsTfnX9slB/ZXOeux6ghmHSIALD/N+zYHz2zf7UlTKAAs4oDPCwSOVdnRqI5g1iECwMkXQ99a79p7RQZS/e27PWkKBYBFLPVuraF5DXSojjDXIQJAohvnjVdDR0/jbaU34vz2/wzm9hIevCdbzfakKRQAFrE65V/bMQtWVNnRqI5g1iHyojWvxflvP8LZdClOZx3Pt9MbcM75CM7v/6C6q2MT29v6I5yXvxU6l/q/PfGdJgJaxGACemMwUfK+7fVdbmejOsJbh8hL9K6GS74IgJM7BJUqD9BYqr6r+aZvbw289cs4AM3YXgC8b+h7r4etPzZdhx8UABYRseDtq2DHc962m4jApYOqI+x1iCyo2Ve5rb49Q4b6d/8p2fRXyNi7TdfiNT0CqMLLu+CcJd62eckg9Nf4HFt1BLMOEWldEavSCfwL2XTUdC1eUwCo0qUr4a0rIN7g/7G+OFyxFs6us+NSHcGsQ0Ra2mbgT00X4TU9AqiSBZybdq86Ta46pzqCWYeItLzPkk3fSsZ+2nQhXlEAqFF/Al4fgAmsVEfz6+hKRJnKVzfoqVgukYx7c8fQApYklE5EDEsBXwJeb7oQr+isIlKlDb3Vvxs4OePd6wmDnVGSei1BJAguJJu+wnQRXglkAOiq4cqpWGpwHdijWECfrrRkAR87YynRSHUd8YGJKcoVbxYUeNMqTUogEiBXkU23xLtCgezt1vdVf8Kbyns3J+xgKkoqqistmd9pAx38wauWE7EWP0YKpTLPjo3TaAY4bzDB5kG9liASIGngatNFeCGQAaCWK63RiWnPrrTevEZXWnJiHz29n398/TpO7u8ktcidqkOTOR7bcwB7KkehVMWoxFldMYtXLonxwU2dvO+UzkZLFhHvvYts+m2mi2hUIAcBzl1pXf/gKBXnxJ373JXW+mV9VV2ZLWTz8gT/13JdacniXruik5vfcpLpMkTErGvJpn9Mxp4wXUi9AhkAwL3SOntZiv/3/lH2HsmTKy58BXVoMkeuUGRVuofOjjgdserGEHTGLNZ1RdmyIsFr/F5dRkREWslq4HPAR0wXUq/ABgCAc1ekdKUl4pFIboT4898kOvm8J+05iW4qfetwYj6uzCQtw4l1Uu45g0pypelSvPRhsukbydh3mS6kHoEOACLSuMj08/Tc+S4iY89602DUgSVF6KjAHm+alPZR6ns106f9A+XuV5ouxQsW7qOAs8jY1Q/0CYhADgIUEW9EihP03brZ285/WcHt/EXqEBt/gN6fv47okUdNl+KV04EPmi6iHgoAIi2s68e/A4Widw32lSDizVs30sYqeboe+ajpKry0nWw6bbqIWikAiLSw2OhD3jVmAR2hu8spARWdeJBIzqM7U+YNAJ8yXUStNAagCg/bh7hr336emzyCs8hriYuxgMHOHlZ19dGT0LwDQdIdj7KuK8Xazo6GXikNikhuPxS8m5KYWMU9gEU8Epv4Twqplhno/VGy6S+RsR8zXUi1QhsAKg48NOGu/rZnBmbKsDrlfp3eA90e7NnYTJ5P3PMzhg+NNN4YkIgmWJ8+iWkryq7cJDDpSbvirTWdSX5v4wpWpRoPaM04ThdiFQ563KC3zYlQmjJdgZdiwOeBN5kupFqhDACjebhpr7vs60v+vgC/GocfHXDXiT+1p/5tVIAP7ryTfVOHG6p1TsSKsGnZy0nGdNUfdC9Mz/D3jz3HJ0/fQF+8/l+RZhynIhIobySbfgsZ+7umC6lG6MYAPDUJ1+w6/qR6tKky3PgC3H6g/u1c8+ijnnX+AKt6V6rzD5FcucItz43W/flmHaciEjifJ5uOmy6iGqEKADMVuHkESlU+ht85Bs/UeYfpvtF99X1wAX3JXk/bE/89Pj5FPSM+mnmcikjgvBz4mOkiqhGqAHDbfpioYUyTw+yJuI5XlkdzR2r/0AmkNFta6OTKFQ7la3+FrpnHqYgE0pVk08tMF7GYUAWA4Tr65MNF2Juv/XPlBkf7H8tqgVHl7ahUx3HQzONURAKpjxC8FhiaAHC46D4zrccLOW9rEVmIjlMRmfUBsul1pos4kdAEgJEGro726cpKmkTHqYjMSgB/abqIEwlNACg28Hy0oGer0iQ6TkXkKFeQTW80XcRCQhMAREREQiYGXGm6iIUoAIiIiPjncrLpTaaLmI8CgIiIiH+iwKdNFzEfBQARERF/vZts+jTTRRxLAUBERMRfEeAzpos4lgKAiIiI/95ONn2W6SKOpgAgIiLiP4uA3QUITQCINjCTbiOfFamFjlMROYG3BmksQGgCwPKEmc+K1ELHqYgs4uOmC5gTmgCwtAMSdVa7OultLSIL0XEqIov4XbLplaaLgBAFAAvY0Fn75xIRWFPH50TqoeNURBaRAD5muggIUQAAeMsgxGus+M2DkAzVXkrY6TgVkUV8mGy6y3QRoTrlDCTgDcur//5N3XDOEv/qEZmPjlMRWUQa+EPTRYQqAAD8VhrevQpSJ6jcAs4bgN9d07SyRF5Cx6mILOJPyKajJguImdx4vc7ogw1dsHMM9sy4a7CXHViagFVJ92pqvZ6nimE6TkXkBDYAlwFfN1VAKAMAQG8MLlnh/tkByhWIhe5+hrQ6HacicgIfx2AAaIlTkYVOqhJ8Ok5F5BivIZs+39TGdToSERExx9jEQAoAIiIi5lxCNr3axIYVAERERMyJAleY2LACgIiIiFl/SDbd9OXAFABERETMWg9c1OyNKgCIiIiY9/5mb1ABQERExLxLyaaXNXODCgAiIiLmJYCtzdxgaGcCrDjw8AQ8PwN7cjBTcddTX52E03uhO7R7Jq1Ex6mI1OD9wN81a2OhPP2M5uGmvbB35vi//9U4/HAMLl0Bp/WaqU8EdJyKSM02kU2fT8b+aTM2FrpHAE9OwTW7jj+pHm26DP+2B24fbV5dIkfTcSoidfpAszYUqgAwU4Fb9kLJqe77dx6EZ6b9rUnkWDpORaQB7ySb7mvGhkIVAG7bDxOl6r/fAW6u4UQs4gUdpyLSgBTwjmZsKFQBYPhI7Z85XDzxbVgRr+k4FZEGvacZGwlNADhchKlyfZ/dk/O2FpGF6DgVEQ9cSDY94PdGQhMARhq4OhrJe1eHyInoOBURD8SAy/zeSGgCQLGB56OFind1iJyIjlMR8YjvjwFCEwBERETayAVk04N+bkABQEREJHiiwDv93IACgIiISDD5+hhAAUBERCSYziObXuVX4woAIiIiwWQB7/KrcQUAERGR4PLtMYACgIiISHCdSza90o+GQxMAopaZz4rUQsepiHjMAt7oR8OhCQDLEw18tsO7OkRORMepiPigvQPA0g5I1Fnt6qS3tYgsRMepiPjgIrLpqNeNhiYAWMCGzto/l4jAGp1YpUl0nIqID9LAa7xuNDQBAOAtgxCvseI3D0LS89wksjAdpyLigzd53WCoAsBAAt64vPrv39QN5yzxrx6R+eg4FREfeD4OIFQBAODcNLx7NaROcLVkAef1w++uaVpZIi+h41REPHY22fRSLxuMedlYs5zR6z5n3XkQ9uTcddTLFXcA1qqkezW1vo7nsCJe0nEqIh6KABcDN3rVYCgDAEBvDC6ZXSjRAcoOxPQetQSMjlMR8dCb8DAAhO4RwHwsdFKV4NNxKiINuphs2rOzSEsEABERkTawHHi1V40pAIiIiITHBV41pAAgIiISHud51ZACgIiISHhs9qohBQAREZHwWE42/TIvGlIAEBERCRdP7gIoAIiIiISLAoCIiEgb8mQgYGhnAqw48NAEvJCDPTMwU4bVKffr9B7oDu2eSSvRcSoiPthENj1Axj7YSCOhPP2M5uGmvbB35pi/L8CvxuFHB+DSlXBqj5n6REDHqYj4xsJ9DPCtRhoJ3SOApybhml3Hn1SPNlWGG1+A2w80ry6Ro+k4FRGfNTwOIFQBYKYCN49Ayanu+3eOwTNT/tYkciwdpyLSBA2PAwhVALhtP0yUqv9+h9kTccW3kkSOE5Tj1EmkPW7Q2+ZEiGo97AacTTadaKSBUAWA4SO1f+ZwEfbmva9FZCFBOU4rqZUQ93CYTymiECCeKvWeYbqEMOsAhhppIDQB4HDRfWZajxdy3tYispCgHael5ad615gD5ENzypCAK/ecSqVzg+kywu70Rj4cmt/mkQaujvbpDoA0SdCO06kLbvT2LsB4HCqeLUcu7cqKM3XaNaaraAWvauTDoQkAxQaejxY0BkCaJGjHaaWjn/FLf0Slf5U3DZYtGEtAITSnDgmYcs+pTJx7B2Xd/vdCQwEglPMAiEj1Kj2nMH7p/USOPEXi+W8SmXrBk3ad5BIqvWtxYklP2pMWF+2k1HuGbvt7SwFARBZX6TmFmaGPmy5DRLyzgmx6KRl7rJ4P6z6eiIhIeNV9F0ABQEREJLwUAERERNqQAoCIiEgbqnsuAAUAERGR8DqVbLquvjw0ASDawNwjjXxWpBY6TkWkyVLAKfV8MDQBYHkDSx408lmRWug4FREDWjsALO2ARJ3VrtY8JdIkOk5FxIC6ZlcKTQCwgA11rByZiMAarTgpTaLjVEQMWF/Ph0ITAADeMgjxGit+8yAkQ7WXEnY6TkWkyVr7DgDAQALesLz679/UDecs8a8ekfnoOBWRJqsrAIRuLYDfSkNnBL69D3ILrJ5mAZsH4KJl9W8nank7JNtxHCyP2xT/xer8mTXrOBURoc5HAKELAABn9MGGLtg5Bntm3DXYyw4sTcCqpHs1tb7B56nLUz1M5Ke9KRjIlXJ0xvWQN0xS0Qj9HfG6P9+M47QeEzNlcsUyM8UKhVIFp/kl1CVqWSQTEVLxCD0dMeJ1vDd5JF9mulAmV6xQNLzvje5PpeIwPuP+HHPFMqVKsH+SFhCPufvbmYjS0xE1XVIr6Seb7iVjT9TyoVAGAIDeGFyywv2zA5QrEPPwgcY5y1fw1OH9nrU3PjOhABAym/q6aPSejd/HaS0KpQovjOfJFRa4JRFwRRxmShUOA/sjRVb0JEh3VncKK5QdRsbzTObL/hZZg2P3Z7AnTn9ndYFzKl9mz3ieYjnYnf6xCuUyU/kyUKSrI8rqvo66gpzMawPwYC0fCNUYgIVYeH9S/eipp7Kiy7sHs3snRpgp5T1rT/yVikZ4x7oaHuRXwY/jtFpT+TJPjeVC2/kfq1Jx2Due54XDi/9O5QoVnh7LBarzP1al4jAyXuB5e/H9GZsssvvQTOg6/2O9eEwWW+OYDID1tX6gJQKAHyLAl7dcyKb+FZ60V3EqPH7gCSbyNd2hEQNWdXbwsVesoy8e2htkL1F2HF4Yz+OEu7+Y13iuhD1dWvC/Ow7sGc9TCfjt8TkTMyUOn2B/csUKo5OFJlbkr0rF4YXDrXlsGlDzQMDWOMP5ZGmygxsu+G3uO3CAe0ZH2TM9hdPgkWpRYVWnw4quHrrjHR5VKl7ojEVZ05lkfXfS80GgJu2fKFAK+dXiiew7UqAnGSUWOf5nNjpZIF8K1xXmyJEC3Qvsz94W7CwLJTfUDPZoKswGKQD44ZxlyzhnmYZqSzgdmQnurW8vVCoOU/kyfanjT2dh3PeF9qdQcscMtKIjM2UGe0xXEXrra/2AHgGItLBi2Qn86HAvzPccuew4obv6nzPf/syUwhdmqpUvVSi32q2N5ltZ6wcUAERaWFg7wFrNd2WcD/Hgsvn2p1Wv/ueE+ecVEEtr/YACgEgLi8/zHLkVJebZz4SpVy48MO/+RMK7P9UI888rIAZq/UAoxgDkyw5PTxSo5k5mPGIxMM+zwPl0xSxSegdV6hSG47IjHiESsUIzCr5eqXkmlYlFLGIRK5SPQObbn2S9y0yGwNzPShrSSzYdJ2MXq/1AoAPArc8c4Zr/PMCh6QKVRZ4P9SQTrO7vobMjTqTKEdwWMJiKsmVFgotWdTQ86Yu0h7Adl13xCEcC/A58oyzcfZxPV0eU8dzCr9UF1Xz70xGLhDbQLKZLswJ6pR+oega7wAaAK+8Z5VtPHKzqewf7ulg70FvzNhxgX67M13fleMQu8idD3SiEyomE8bgc7E0wOZZrudfH5gx0xxe8fbyiJ8HkTDlUA8wGuubfHwtY2ZeoarKgMIlaFit69QqgR5ZSQwAI5D2ln+yd5ttPVneSTSVirOlv/P2R4cMlbt/bWr9Y4q2wHpcdsUjLvmPdEYuwrHvhfYtFLQZD1LkkFvlZ9SZj9CYDe91Wl5V9Cd3+905N4wACGQB2DNtVX60s7en0bJW9H+9TAJCFhfm4HOiKs7qvo6UmOOpLxdiwNLno3ZF0Z4y16Y7AdzK9yRgbBpIs9iNas6SDZd3xRb8v6KIRi7Xp5LzzN0jdagoAgfw//9xE9Se8rgZWazvW2EyFyZJDdyzkv1nii7Afl0s6Y3Qno4xNFpkulMmXKlUNYAySeNQiFY/Sl4rRm6z+uXFvMkZnYnbfZ1dCDMJTgXr2x7JgeU+CnmSMQ9NFcoVKaF73tCxIxiN0xqMs644TDXgoC6HwB4BaJryIRb29iTFZrNAd04AUOV4rHJexyG+etzoOlCpOeJYDjtDQHYyg7Xuj+5OKR1jd504nXpndnyBzF8OyQn/nIuBqmgsgkAFARPxnWbTtUqyttu8RCxIttD9St/DfAQiyQ0V44DDsmYE9OZiq4qJwSRxWJ2FNCl6ThqQHF4eqI5h1iIgYpADgBwe4x4b/GIVal1Q/XHS/Hj0Cv7Dh7SvhZV2qo5XqEBEJgHQt36xrnip9cwS+va/2TuZY40X46nPwy8Oqo5XqEBEJgJrWmFcAqMKTU3Cfxx3D9/ZD9RM2qo4g1yEiEhAKAF6qOHDriPft5ivulavqCHcdIiIBUtOsVxoDsIj9eff2sB+emoKyA9UM3lUdwawj7IL+6tjRIhZVr6dQDdP77uX+OA6hmO446JMxtYCa7gAoACxiz4x/bZcd2Jd3R6KrjnDWETblisPYVJHpQoWZYmXRxYyCpiMWIRWP0JeKAIRwoAAAIABJREFU0V3jAjJlx+Hg5G/2PQgdZiP7ky9VODhVZKbo7o/5vVlc1LLciYASEQa64y01M2VA6A6Al8YK/rdfTUejOoJZR5hMzJQZGc8bv/JtRL7kznp3OFci3RljRW+iqqvoyXyZveN5iuVg7Xs9++MAByeLjE4WAjGbYS3KjsNUocxUoczhXInVfR1aCdBbNQUAjQFYxFKf1xGptn3VEcw6wsKeLvG8PRPqzv9Y9nSJ3QdnFr3yHc+VePbQTOA6/2PZ0yV2HZxZtFPfO55n/5Hwdf7HKpYddh+aYWKmdZeqNkCDAL3k51Vg1IIVVf64VEcw6wiDYtlh34TPt0wMyRUrHDiy8L6VKg4jIdr3mWKFA5ML13skX+bwdKmJFfkv7HelAkZ3ALw02AG9Pj0o2dhZ/UAz1RHMOsJgZCIfumf9tRibLFJYYDGc/RMFyiHrXBbaHwf36r/VlCoO+0MU0gJOAcBLEcudIc5riQi8rYZ2VUcw6wiDqXw4VoqrlwNMLTAT1FQhfLeXF9qfQqlCKeCPMeoVxp9TQOkRgNde3g3nLPG2zbcMQn+NK8aqjmDWEWTukr+t2WkcLVc8vgMpVZzAP/dfyHz7kyu2bpArlh09BvCG3gLww6UrYUWyvjnnj9YXb2zOedURzDqCKqwdYK3m28+FHguEQavtTzUKpQqxhN4IaJACgB8s4Ny0e9VpctU51RHMOoKqI9aCOzWP+fYzzPveavtTjVbfvyBSAKhRfxxev8x0FaojqHUETTxqEY1YoRsIV6tU/PjOIxqxSMQiobxynm9/UonW7SATsQhRzRLohZpGU7buESUiAPQkW/u2asSy6Frg1nFPCCeZWWh/EtFIy14lh/HnFFAKACLyGyt6Ei09B/uK3gSxBd7bXN6TIBGydzoHe+ML7s/qJR2Ea28Wl4hFWN7TYjNvmVPTe6IKAMdptV8vaQ31H5fRiMWqJR204rTrvckY6c6Fn2RGLLfTDEv+6emI0t+58GsoqXiEZS3UWUYsWN0Xnp9PCIT/DkBvR/VDE/LzvC5Tr4gF/R06EmV+YT4uezqibFyamvfZchhFLPfKf2168deeOxNRTl6aojPAI8zn9mdd/+JTXC7rjrOuP7ngXYKw6ExEOXlZis4WHttgQE0BIJCDAE9ekmTvRHXLvU3lC/R1ejNv65rOKAlFUVlA2I/LZCzChqUpJnIlcsUKuWIlVAPkIhGLVNxdPa8nGavp1n4iFmHDQJKJmRLThWDseyP709MR5ZSlKcZnyswUy+SK4ZgkKDG7+mFnIkJvMpDdT9jV9AggkD+B/3H2Mu7ZM0GhvPgv6Oj4NMt6u4hHG0+RmZNabPk38ZSp4/LtHh6XFtCXitGX8qzJUOlNxuhtkV/zaMSivzNGQE/jYkb4HwGs7Y7x/7x2VVUnz1KlwjOjNqUqTsoLsYC3rUvyqnQLTQEnnjN1XJ6u41JEqhP+RwAAl53cwznLT+avfznKM4dnmMgvvAJWqVRm16jN+v5u+lIJUvHqnvV1xSzWdUc5fzDByT2B/V8hAaLjUkQCLPyPAOas64nxj69bZboMkZfQcSkiARX+RwAiIiJSM80DICIi0oYUAERERNqQXcs3KwCIiIi0hoO1fLMCgIiISGtQABAREWlDY7V8swKAiIhIa9AdABERkTakACAiItKGFABERETakMYAiIiItKFDtXyzAoCIiEj4TZCxi7V8QAFAREQk/Gp6/g8KACIiIq2gpuf/oAAgIiLSCkZq/UDMjypEREx74OBBPv/gA4xMT5Ar1rRI2rx6OrpZ2bOCzngn8WjcgwrFU+euZeW5az1v9irObejznc4RTio9wZbCd9ic/75HVc1rd60fUAAQkZbz1See4CvDD1BxKp60t6JnkLV9azxpS9rLtNXDY/GzeSx+Ng/Ff4sPT34KC8ePTe2q9QN6BCAiLeXX4+Nc/9ivPOv8uxPdrOlb7Ulb0t5+nriYO5OX+dW8AoCItLevPDZMuVL2rL0VPYNYWJ61J+3te8nL/Wp6d60fUAAQkZby7JFxT9vrjHd62p60t7HICo5YS/xoOiB3AHx5vCEisrhJDwb8HS0e1VAp8ZYdWe51k4fI2BO1fsiXAFAslRmfyPnRtIiIiLzU7no+5NsjgCd31zwngYiIiNSu5tv/4GMAuPm7D1Ku6FmAiIiIz4IVAJ5+9iBf/do9lErevIojIiIi89pdz4d8Hd3yHz95nOEn9/Om172Sk9cvpb8v5efmRERwdONR2k9ddwB8H976/N7DfPlff+73ZkREACi+qcd0CSLN9lQ9H9I8ACIiIuGVQwFARESk7TxKxq5rsJ0CgIiISHg9XO8HFQBERETC66F6P6gAICIiEl4KACIiIm1IAUBERKTN7CNj1z3vvgKAiIhIONV99Q8KACIiImGlACAiItKGFABERETaUN1zAIACgIiISBjlgeFGGlAAEBERCZ/7ydiFRhpQABAREQmfuxptQAFAREQkfO5utAEFABERkXBxUAAQERFpO4+TsQ822ogCgIiISLg0/PwfFABERETCpuHb/6AAICIiEjaeBIBYsZD3op0XRSJRT9sTEamNY7oAET+NkrGf9KKh2JMP3+tFOwBEojF6+pZ51p6ISK06nDNMlyDiJ0+u/kGPAERERMLEkwGAoAAgIiISJj/xqiEFABERkXAYBR7wqjEFABERkXC4nYzt2ShXBQAREZFw+L6XjSkAiIiIBF8FuN3LBhUAREREgu9+MvaYlw0qAIiIiATfbV43qAAgIiISfJ4+/wcFABERkaCzAe+m7Z2lACAiIhJsd5Cxy143qgAgIiISbJ4//wcFABERkSBzUAAQERFpO78gY4/40bACgIiISHB9za+GFQBERESCyQFu8qtxBQAREZFguouMvdevxhUAREREgsm32/8AMT8bF5ETs6wIyVSKWCJBJBojGo1SKVcol0uUS0XyuWnKZc9f/xWR4CsD3/BzAwoAIgbEOzroWdJPMtmJFbEW/D7HgWJhhsnxcXJTk7iPBEWkDfyEjL3fzw0oAIg0UTQWo69/Kamu7qq+37Ig0ZGkf3mSQr6PiUNj5GdmfK5SRALA19v/oDEAIk2TSKZYvmpt1Z3/cZ/vSLJ05Wq6evs8rkxEAqYE3Oz3RhQARJog2dnF0hWriESjDbZksWRgGX39Sz2pS0QC6U4y9kG/N6IAIOKzeCJB//JBLGvhZ/216u5bQmd3r2ftiUig+H77HxQARHxlRSz6B1dhWd7/qi1Zuox4R4fn7YqIUTnglmZsSAFAxEfdvWliMX/G2lqWRV9ajwJEWsw3yNjjzdiQAoCITyKRKD19S3zdRkcqRTLV6es2RKSprmvWhhQARHyS6urCivj/K9bZ0+P7NkSkKR4nY/+0WRtTABDxSbLO1/1q1ZHq8nSAoYgY85VmbkwBQMQXFh3JVFO2FIlEiCc0GFAk5ArAjmZuUAFAxAeRaLSpV+XReLxp2xIRX3yTjH2gmRtUABDxQTTW6IQ/NW6v4QmGRMSwpt7+BwUAEV9EfHjv/4Tba8JgQxHxzW7gjmZvVGcNER80ewnfcrnU1O2JiKeuJ2M3falPBQARH5RLze2Qy6XmBg4R8UwZuMHEhhUARHzgOBVKxWKztkYxn2/StkTEY98hY+8xsWEFABGfzExPNmU7xXxejwBEwusqUxtWABDxyfRUcwJAs7YjIp67t5kz/x1LAUDEJ8V8nvz0tK/bKJfLTB2Z8HUbIuIbY1f/oAAg4qtxewzHx7G9Rw4fwqlU/NuAiPhlF3CzyQIUAER8VCwUOHL4oC9tz+SmmZ7Q1b9ISH2BjG309R0FABGfHTlsk5s64mmbpWKRQ6P7cGj6q8Mi0qCKFZkArjddhwKASBPYB0aZnvTmar2QzzO2b49u/YuE1KHIsm+QsadM16EAINIEjuNgHxhl/NAYTgODAqanJhnb90LTJxoSEe/8uCPzb6ZrAIiZLkCknUyOH2ZmaoredD+p7m6guhUDC/kZxg+OUcjP+FugiPjuP+Obx0zXAAoAIk1XKhU5dGA/Ufsgya5uUp1dxOMJItEIc4GgUqlQLhWZmZ4mNzVJsaCZ/kTEWwoAIoaUSyWmxg8zNX7Y/QvLIhqJUqlUcBw93xcRfykAiASF42hKXxFpGg0CFBERaUO6AyAiIqE29sDT7Ln9V6QG0/SfsZ70qeuIdsRNlxV4CgAiIhJq03sPUZycoTg5wsTTIzz37XtJD61j4KyN9GxcgRWp7m2bJgrEDF4KACIiEmo9GwYZ/cXjL/57pVjm4IO7OPjgLuI9KQbO3MDAmRtJDS4xWOVLBCKRKACIiEioLdm0mmgyQXmmcNx/Kx7Jse+nw+z76TCdK/sZOGsjA2esJ9aVNFBpsCgAiIhIqFmxKP2nn8SB+5484fdNjxxieuQQL9x2P70vW8XAmRtZ8so1RGLRJlUaLAoAIiISegNnbVw0AMxxKg7jj+9h/PE9RJNx+k87iYGzNtJ90nKfqwyWWCQSLVUqZU+CgFMxurKhiIi0qe51y+jo7yF/qLaVN8szRQ788ikO/PIpOvq7GThzIwNnbqSjv9unSoMjEolG93nVmKOJTERExJCBMzc09Pn8oUn2/vAhHv58ll9fdzsHfvnUvOMKWkXMsqIPAWu8arBcKhCN6smCiIg018CZG9n7o4c8eclu8tlRJp8d5fnv3MeSV65h4MyN9L5sVRBfKaxbzIpEbgPe7FWD5VIROrxqTUREpDod/d10r1vO5LOjnrVZKZU59PCzHHr4WeJdSfrPWM/AWRvpXNnv2TZMiez65f93dSyW8OwxQCGf02MAERExYuCsjb61XZyaYf/Pfs3wNd/j0au/w76fDlM8kvNte36LAETjiYssK+LRzEQOucnD3jQlIiJSg/7TTmrKa325/Yd54T8e4MG/vYUnvnonBx/cRaUYrovfCMAz933hkXgi+QWvGi2Xi8zkahuJKSIi0qhoMs6SV3o2rG1xjsPEUyPsuuluHvzczey+5ecceWZ/QCb7PbEXVwPcdf/f/1ki2bnNikQ8eZcvn5skNzWO44Tg/4KIiLSMgTP9ewxwIuV8kbEHnubxf7qDh666lT0/+E9mxiaM1FKNlywHvOuXf/9XiY7ODbF4xxNeNF7ITzM5foBSMe9FcyIiIovqfdkq41P9Fg5PMfLjR3jkC9/isS/exug9T1DKBeuVQmuhK/SN/+VPznacyrscp3JBpVLe5FQqXY1sKBKNFaLR+Ew0Fp+JxRIz9d5piFpOdE3fxIaIVWnPuRsFgIMzPRzJJzxrLxKJYFmRxb9R6tIVz9Hf0ZwroZH3/ldyjncn2rNXn0VEx0boPP+9X7L/Z782XcZLWNEISzatplKu/Nn443v+YXjn9qLRekJ5iz6b/iPgWtNliDn/6xeX8rVHhzxrr7uzm85kQxlXTuDidffy38++sSnbOrf4RcaL3s1KqgAQTtMjhxi+5numyziRg8C/A/88vHP7vSYKCOtR/WXgYdNFiIhIMHWu7A/S8r/zGQA+CtwztGXbY0Nbtv350JZt65pZQDgDQMYuAx8hFOMsRUTEBFODAevwCuB/AruHtmz74dCWbe8b2rLN98UIwhkAADL2XcAXTZchIiLBNHDmBrBCNXWvBbwOuAHYP7Rl2/8Z2rLtoqEt23zpq8MbAFyfAPaYLkJERIIn3pOi9+QVpsuoVydwOXA78NzQlm1/M7Rl26lebiDcASBjT+A+ChARETmOn1MDN9Fq4H8Ajwxt2Xb/0JZt//fQlm3LG2003AEAIGN/C7jJdBkiIhI86aG1RBMttULtq4EvAHuGtmz79tCWbe8a2rKtriX4wh8AXB8DbNNFiIhIsETiMdKnnWS6DD/EgEuArwP7hrZs+9LQlm2ba2mgNQJAxt4PfNx0GSIiEjwhehugXkuADwJ3DW3Z9tTQlm1XDm3ZtmGxD7VGAADI2DcAd5ouQ0REgqVnwyCJJW0z0dfJwGeAp4e2bNs5tGXb+4e2bOub7xtbJwC4PgSEd3FmERHxngUDZyx6QdxqLOB84DrcRwT/PrRl27lHf0NrBYCM/TRwpekyREQkWNrgMcCJJIH3AD8b2rLtvXN/2VoBwPW/gbtNFyEiIsGRXNZL1+oB02WYZgEXzv1L6wUAd5rgy4HgLsIsIiJN1yJzAjSigjvLINCKAQAgY+9GEwSJiMhR+l+1Hivamt1eFRzgA8M7t/9s7i9a9/9Exv5XoDnrj4qISODFOjvoe/lq02WY4ADvH965/Z+O/svWDQCujwDPmi5CRESCYeCstnsbYN7OH1o9AGTscdzxAGXTpYiIiHlLNq0hlkqYLqNZFuz8odUDAMwtG/zXpssQERHzrGiE9OnrTZfRDCfs/KEdAoDrM8A9posQERHzlrb+2wCLdv7QLgEgY5eA3wMmTZciIv6ycEyXIAHXtXYpyaW9psvwS1WdP7RLAIC5WQL/2HQZIuKvgUje0/byJW/bk2AYOLMlBwNW3flDOwUAgIy9A3deZBFpUa+M7vW0vanClKftSTAMnLnRnRevddTU+UO7BQDXx4D7TBchIv74C+tLdMWinrW3Z2KEckUvErWaxJIuetYPmi7DKzV3/tCOASBj54HLgDHTpYiI95Y441zV8VXPQkChXODpQ89QqpQ8aU+Co0UWCKqr8weI+VBM8GXs58mm3wv8B+DdpYKIBMIFzi/4QcdjfC7xAR6rrOJQOdXY0MDyJAcOPcLGVJR03CIVaa17x+1q3SvKznOxiFMpVcJ6MVx35w/tGgAAMvadZNN/AXzOdCki4r0lzjif4+/c+5xend7zs1/SKj55S+mPzwB+x3QhdWio84d2fARwtIz9N8AtpssQEZGmu2W2D/hn04XUoeHOH9o9ALjeBzxuuggREWmax3HP/QB3APvMlVKXf2i08wcFAMjYR4B3oEmCRETawSTwjtlzP8M7t5eBfzVbUs2u9qIRBQCAjD0M/IHpMkRExHd/MHvOP1rYHgMc9KIRBYA5Gfsm4ErTZYiIiG+unD3Xv8Twzu0PAQ8aqKdeF3vRiALA0TL2duAG02WIiIjnbpg9xy8kTHcBrhrasm1No40oABzvQ8APTBchIiKe+QHuuf1EbgTCMuXjKuBHjYYABYBjZewi7kyBj5guRUREGvYIcNnsuX1Bwzu378N9IyAsTqHBEKAAMJ+MPQG8GfB2VREREWmmvcCbZ8/p1QjTYwBoMAQoACwkYz8PXIJeDxQRCaNJ4JLZc3m1skC1YSEo6g4BCgAnkrF/Bbyb8DwXEhER95z97tlzeNWGd27PAd/wpyRf1RUCFAAWk7G/D3zUdBkiIlK1j86eu+sRtscAc2oOAQoA1cjYX0KLBomIhMHnZs/Z9doJ7PaolmarKQQoAFQrY38S+LLpMkREZEFfnj1X121453YH+BeP6jGh6hCgAFCbP8J9V1RERILlRtxztBfC+hhgTlUhQAGgFhm7AmwFvmm6FBERedE3ga2z5+iGDe/c/iTwCy/aMmjREKAAUKuMXQLeQ7gmjBARaVV3AO+ZPTd7ye+7APuAu4BRH7dxwhBgOY7j47ZbWDbdCdwObDZdSj3ufGIt2753FiOHExRKjR8DsViCRLKLWCyBFVGulNaQTs1w2or9vPeMR3jdxl2my5Hj3Q1cTMae9rrhoS3b+oERIOFx0w7wKeB/De/cXh7asi0G/MXs31keb2vOU8Drhnduf+Hov1QAaEQ23Qv8EDjbdCm1+IvvvpYdv1iLVz/7jlQ3yVSPJ22JBNV7z3iEKy/8seky5DfuB367hln+aja0ZdvNwDs8bNIBPjK8c/sX59nWHwHX0MQQoEu1RrgH3huAY9eWDqxf7F7haecfiyfU+Utb+PcHT+Nbw5tMlyGuYeANfnb+s7x8DLBg5w8wvHP7P+LOOePXVflxjwMUABqVsQ8CrweeNl1KNbbffpZnnT9AR7Lbs7ZEgu66+0J1s69VPQ28fvbc67fvAV5sxwH+aKHOf06zQ4ACgBcy9ghwISEIAbvGOj1tLxqLe9qeSJDtPpRmphQzXUY7exq4cPac67vhnduLwL812Mxc51/V5ERNDAHLFAC8krGfBc4n4I8DpgtePl6ysCwdQtI+yo7FwWlvQ7RUbRg4f/Zc20yNPAZwgA9X2/nPaVIIuFpnby+5qXQL7uAUERHxxv3AlmZd+R9teOf2+4Bf1/HRuc6/rhlkmxAC3qAA4DX3udRv476eIiIijbkbd7R/M575L6TWuwAO8KF6O/85PoeACQUAP7gjUy9GkwWJiDTiDtz3/P0e7b+Yf6H6Tniu87/Oiw37GAKuUQDwizsxxVvRtMEiIvX4JvBWPyb5qdXwzu3PAz+q4lsd4INedf5Hbd/rEHAj8HcKAH7K2HngnWgBIRGRWtwIvHP2HBoU/2eR/z7X+X/Fj417GAL+Dfhvwzu3VxQA/ObOT/37aClhEZFqfBn4fR/m9m/UN4CF7kY4wAf86vzneBAC/h34/eGd28ugeQCaI2NXyNgfAj5nuhQRkQD7HBn7Q16t6uel4Z3bJ4Fb5/lPc53/9U2qo94Q8O/A5XOdPygANFfG/iTwYaC82LeKiLSRMvDh2XNkkO045t8d4P3N6vzn1BECvsYxnT8oADRfxv4S7uDASdOliIgEwCTuYL+aJssxYXjn9jv4zdtdeeCK4Z3b/8lQLdWGgK8Dv3ds5w8KAGZk7O/jThi013QpIiIG7cWd4Of7pgupwVtwL+JOHd65/dg7Ak1VRQi4iQU6f9BywGZl02txF5s4rVmbXP/pd1IsefUzt+jrX+FRWyLhcMf7/5nVvaZfS28JjwBvJmM/b7qQsBvasu3DwD8A0aP+em7A34KDKXUHwCT3wN8M/MB0KSIiTfQDYLM6f2/MrjL4WuBq4AbgvcM7t//OiTp/AC1rZVrGniCbfjPwJeAK0+WIiPjsBuBDZOyi6UJayfDO7fdT4zo0CgBB4P4i/AHZ9C7gs6bLERHxyZVk7O2mixCXHgEEifuL8W70hoCItJZJ4N3q/INFASBoMvZNuM9yHjddioiIBx4HXjt7bpMAUQAIoow9DJwD3GK6FBGRBtwCnDN7TpOAUQAIqox9hIx9GfAJNHOgiIRLGfgEGfsyMvYR08XI/BQAgi5j/w3wBmDMdCkiIlUYA94we+6SAFMACIOMfSfwauC+RpvqTHg58ZOD4wRuzQ4R30Qth4FO48vTB9l9wKtnz1kScAoAYeFOmHE+cF0jzWxY6u3Jq1zSq7zSPtb32yRjQVulNjCuA87X5D7hoQAQJhk7T8b+IPA+6nxVcNvFv8KyLM9Kys/ojUVpHx84p6Z5VtrFJPA+MvYHydh508VI9RQAwihj7wDOBO6p9aPnrt/H1nOf9ywElIoFZnIa4yOt771nPMLbhvR27jHuAc6cPSdJyGgxoDDLpmPAp4BP8tJFIBZ15xNr2fa9sxg5nKDgweJAsViCRLKLWCyBFVGulNaQTs1w2or9vPeMR3jdxl2mywmSMvDXwGfI2HomElIKAK0gmz4P+BfgJNOliEjLexa4nIx9l+lCpDG6VGsF7i/iGcCNpksRkZZ2I3CGOv/WoDsArSab/j3gWqDXdCki0jImgI+Qsf/VdCHiHQWAVpRNr8d9JLDZcCUiEn53497y3226EPGWHgG0IvcX9QLgvwM5s8WISEjlcM8hF6jzb026A9DqsumTgS8BF5ouRURC407gQ2Tsp00XIv5RAGgX2fQVwFVA2nQpIhJYNvBxMvYNpgsR/ykAtJNsehC4GniX6VJEJHBuAj5Gxt5vuhBpDgWAdpRNvw33TYHVpksREeP24I7w/5bpQqS5NAiwHbm/6EPAPwJKgCLtycE9Bwyp829PugPQ7txZBK8FTjddiog0zcO4V/2a0KeN6Q5Au3NPAGcBHwEOGq5GRPx1EPd3/Sx1/qI7APIb2XQad3GhjwIxw9WIiHdKwDW4i/fYpouRYFAAkONl068EPg+80XQpItKw24A/I2M/ZroQCRYFAFlYNv0W3CDwctOliEjNnsDt+L9ruhAJJo0BkIW5J47TgI8D44arEZHqjOP+zp6mzl9ORHcApDrZ9DLc8QEfABKGqxGR4xWA63Cf8x8wXYwEnwKA1CabXgf8JXAFGigoEgQl4Abgr8jYz5kuRsJDAUDqk01vBK4ELgeihqsRaUdl3GW/P0vGfsZ0MRI+CgDSmGx6E/Bp4N1oTIlIM1SArwOfJmM/broYCS8FAPFGNn0a8Bng7YBluBqRVuQAtwKfImM/YroYCT8FAPFWNn0WbhB4q+lSRFrIt3E7/l+ZLkRahwKA+MO9I/Bx4HfRWwMi9SgANwJX6Ypf/KAAIP7KplcCHwM+DKQNVyMSBjbwReBqMvaI6WKkdSkASHNk013AHwJ/AmwwXI1IEO0CvgBcT8aeMl2MtD4FAGmubDoKXIb7eOA1hqsRCYJ7gauAm8nYZdPFSPtQABBzsunzcYPAJWguAWkvZeA7uM/3f2q6GGlPCgBiXja9GndmwT8E1pstRsRXu4HrgRvI2HsM1yJtTgFAgiObtoCLgPcDl6K3B6Q1FIBvAl8B7iBj66QrgaAAIMHkLj60FTcMbDJcjUg9Hsft9HdocR4JIgUACT53rMAHgHcCKcPViJxIDvgGcJ2e7UvQKQBIeGTTfcA7gPcAF6LVCCUYSsCdwNeAW8jY44brEamKAoCEUzY9gPs64XuAC9BbBNJcZeAnuJ3+zWTsg4brEamZAoCEXzY9iPt44D3AeWgxIvGHA9yF2+l/g4y933A9Ig1RAJDWkk2vAt6FGwbORWFAGuMAv8Dt9G8iY+81XI+IZxQApHW56xC8cfbrIrQWgVTHBu4AbgNu03z80qoUAKQ9uFMQvwZ4E24gOBuIGK1JgqIC3I/b4X8fuFdT8ko7UACQ9pRNLwUuxg0EFwPLzRYkTTagOLtSAAABj0lEQVQK3I7b4d9Oxh4zXI9I0ykAiLgzEL4a922C84DNKBC0mlHgbtxBfD8BHtCMfNLuFABE5pNNvww3CGzGDQWb0IDCsHBwZ+G7C7fTv5uM/aTZkkSCRwFApBruvANHB4KzgQ6jNcmcPO4z/KM7fL2XL7IIBQCRemTTCWAIOB141VFfK0yW1Qb2AQ8d9fUwMEzGLhitSiSEFABEvOQOLjw6EJwOnIrWMKhVDngUt4P/TYevwXoinlEAEPFbNh0BTpn92gCsn/3n3J/7TZVm2CFgN7Br9mvuz08BT5GxK8YqE2kDCgAipmXTvcwfDFYCS4EBoNdQdfWaAA4CY8AI83X0GXvCVHEiogAgEg7ZdBz3TsFcIJj7Ovrf07gDEzuAxFH/PNGfAQqzX/lF/pyf/bJxO/e5Dv7gMf9+iIxd9ON/g4h4RwFARESkDWkqVBERkTakACAiItKGFABERETakAKAiIhIG1IAEBERaUMKACIiIm1IAUBERKQNKQCIiIi0IQUAERGRNqQAICIi0ob+fyxa7nFummTOAAAAAElFTkSuQmCC\", \"updated_at\": \"2025-02-10T23:43:19.000000Z\", \"url_imagen\": \"http://goirdrop.test/imgs/productos/021739230999.png\", \"producto_id\": 2, \"url_archivo\": \"http://goirdrop.test/imgs/productos/021739230999.png\"}, {\"id\": 6, \"ext\": \"jpeg\", \"name\": \"121739230999.jpeg\", \"imagen\": \"121739230999.jpeg\", \"url_file\": \"http://goirdrop.test/imgs/productos/121739230999.jpeg\", \"created_at\": \"2025-02-10T23:43:19.000000Z\", \"imagen_b64\": \"data:image/jpeg;base64,/9j/4AAQSkZJRgABAQAAAQABAAD/2wCEAAoHCBQTFBgUFBUZGBgaGBgaGBoaGBgbGhocGhkaGRwZGhgcIS0kGx0qIRgaJjclKi4xNDQ0GiM6PzwyPi0zNDMBCwsLEA8QHxISHzMrJCs9MTM8NjMzMTM5NTM1MzMzMzEzMzMzMzMzMzEzMzMxMzU0MzMzMzMzMzMzMzMzMzEzM//AABEIAL8BBwMBIgACEQEDEQH/xAAcAAEAAQUBAQAAAAAAAAAAAAAABgEDBAUHAgj/xABBEAACAQIDBQQHBgQGAQUAAAABAgADEQQSIQUxQVFhBiJxgQcTMlKRobEjQnKCksEUYtHwQ1OissLS4RczY3OT/8QAGwEBAAMBAQEBAAAAAAAAAAAAAAECAwQFBgf/xAAoEQACAgEEAQIHAQEAAAAAAAAAAQIRAwQSITFRBUETFCIyYXGhsZH/2gAMAwEAAhEDEQA/AOzREQBERAEpKykA4X6NnybTRTpcVk8wrG3+id0E4Dh64wu1gx3Ji3v+F6jKT4BXnfZnj9y0uysRMHaO06WHXPWqKg3C51J5AbyfCaFUr4Rmmcq9MeLvUw1EfdWpUbzyovyDyYp22wJNvWka2uUqAfEra05B222sMVjK1VDmQWSnbiqCwt4tmPnMsklXBooST5R1P0W4bJs6mx31HqP5Fyq/6VEmM1+xMEMPh6VEC2Smi+YUX+d5dTFZqrIBcKoLNwDNchfGwueV15zSKpFGZkTwrg3sb2Nj48p7kkCIiAIiIAiIgCIiAIiIAiIgCIiAIiIAiIgCIiAIiIAluoSASBc2Nhe1zyvwlyYeK9YCGp2Nt6Gwzfhbg3joem+AcF7d0R/HVytwHKOt9CuemmYEcDmDAjpJDiu2mKxNNFVjRARA2UkO7ZRmYvvVCdwFieJ4S76SUw9WsrJmXEFQHVhlsFYWzi3eurEAre1hwkYaoL63Rtwva3gDuI6b/Ccs24tpHoaXDGX1SRmfxNS9/WPfn6x7/HNeeK+Iqu+Z3eoMtgXYsy2t3QT90/WWPXgaOQpO650bqpP0ntHVtxB8CDMtzPQ2w9ke5a9SvrEqZRmR1YX3NlINnt7Q0l2ZOEwFasCaNJ6lt+RdLjhmPdv0vEU74GTZt+ro6rsvtHTxNEPTX7S+U0yRmV7cf5ba5uXXSXlLJ9hTOaq3eq1LXC5t7t/MdyryA4CcmwuJxezqoqMj02YZWzLYOu/JTB0ZhqQTuO++6dU2biC9NThadkcBvW1dMxYe0VBzs3jl5TshK1yeJlgovjo2N6eGp2JyqOerOx+bux5akmZim4B+u+YWHwADZ3JepwZty9EXcg+Z4kzYS5kIiIAiIgCIiAIiIAiIgCIiAIiIAiIgCIiAIiIAiIgFJgbYx64ajUrMLhFvbmdyjzJA85nyHekqtlwqL79VAfBQz/VBKydKy+OO6SRzTEVGqMz1DnZzmcniTv05cAOAAlqnhSxVKebMzKqqCbFmIAFjcDUj+7z3JJ2AwofGZ29mlTZ/zHuKfgak5IJyke1lahjbS6Jt2Y7L0cHTUZVaqQM9QgXLW1Cj7ijgBabTaGyaFdctWkjDqouPA7x5Tlmzu2e19o4isNnrRFKmbgOBquY5QWOpZgp0FuPjOr7MrPUo03qIabtTUuh3oxUFl8jcTspHiOTbuznG1exrU8TSp02Y0az5Q29kspdlZuPcVsreW/fJdtdrdn7LyYeoxU5RlRELZV3Atbdex6mxm+2xTJpMy+0lnX8SHMB52t5ziNSnQxfaJxjCPVFzYOcqtlpj1ak8jYacfORGCj0WnklOrfR2eomH2hhhYipSqrdWHyZTvVgR5ETH7G4RqOFWk7ZmR6qm2g0qvuHK1j5y32UxGE+3w2EQKlCrlsrZkJqKKpK6mwzOwtuGU20mTT2jRpYirSqVER3ZHVWYAsGRV0B6oZJS3VG7iUBlZJAiIgCIiAIiIAiIgCIiAIiIAiIgCIiAIiIAiIgCIiAUkL9JlO+Gpt7tYfNHX95NJGu3IpnBVVqOqaApc6l1IdFA3kkrawG4ys/tZpidTTOTSUdg2JfEoPafDNl53Ukf8xIuZs+zWPGHxVKoTZb5GPJHsCfI5T4KZyY3UkezqY7sTSIx6PO2g2U1YPSZ1qKNFIDK6XsDfgbm/EaTsHoy21VxuDNesbsa9a3RSwYKOgzFR0E13aH0VYLF1TWR3osxzOEylGJ1JCkd0nobdJMdh7JpYOgmHoiyILC+8neWJ4knWdp4RsHF9OE452x9HFXFilisLlLsiLWRmy3KqFDKTpeygEdLzpnaPbaYOiXYgsdKaXF3bgAOQ3k8BOSvtTEsuVq9XL7odlXnaykaSkskY9nRh088nK6Jx6MOzTbOoOlV0Nao+ZlVg2UKLKt+J3nzke7fsGxrjeAlNSN/Bmtb8w+MjdM+rb1iHI695XXRgRre43jmOMyMbjnxFRq1QAO5DEC9h3QAovyAHwmEstqjtw6V452+VRNuyHa6lSoijiqjBkbKjFXYFLDKCwB3G414ASYYHbeGraUq1NjyDDN+k6zicoyg7xu3dPDlEczXYyaGMm3F0d+vKyAejza1Z2ehUYuiorKzEllucuUsd4O8X5GT+dEZblZ5k4OEmmViIlioiIgCIiAIiIAiIgCIiAIiIAiIgCIiAIiIB5M432q2s2KxLtfuIzJTHABTZm8WIJvyy8p2Mzgj0yjMje0rMreKsQfmDMczdHboYKU237FJQieXe3C5JsB/fCahttCk7JWU3B9pdxHAgHcJzRg5dHqTyRj9xvPXVP8AMfp330+c2uy+02LwwYJUzBh7NUu4U+8l2uD03dJGqO2MO26oB+K6/US+MbS/zE/UJZb0zNrDNVwZuNxlSs5qVXZ3Ol23Ae6q7lXoPnMdr8Lef/iWWx1Ib6iD8wmNV2zh1/xAfwhjIqTZbfjhGk0kZZplrZzfoNF89bnzMvTQV+09MewhPUmwm0wjNURXZiMyg2XS178d5iWNpWyIZ4SdR5MsakKNWO5Rqx8FGpkk2R2MxNexceoTm4u5/CgOn5iPCRfYW2sTgXz0+Yzqylle1vv6kacQfjOwdlu09HH0yy92ots6E3K34g/eU8CPDfNMUIs5tTmyxXC48mbsTYtLCU8lIb9WY6sx5sf23DhNpKTU1tuUwbUw1U7u5bL+tiB8CZrkywxK5NJHmU5PybiUmjXbVX/I0/8AsW/wsB85n4DGrWBK3BU5WU6FTYGx4biDcb7zPFq8OV1CSbJljlFW0Z0TyTI12g7ZYfBnISalT3KdiV/GSbL569J0NpdlYxlJ0kSaJy3Eek6sT9nh0UcM7sx+ACj5ywvpLxfGnRt4VB880p8WPk6fk81dHWYnNMJ6UG/xcL4mm9z+lgB/qkl2V24wWIIUVPVudy1RkJPIE91j4GTGcX0zKeDJHtEoieAes9CXMisREAREQBERAEREAREQDxOSekGnRpYvuuMzqGdLHuNoAS24ZhrbmOonWK1UKrMdygk+QvPnjFYpq1R6rm7VGLt+bh4AWHgJhmapI7dDBynafRnTX7X2aK68mHst/wAT0mTgvYX83+4y/OdNxfB6soKcakc7rYR0bIykNfd/TnNrh+zdRhd2CdCCT8pKqlFWIJHeHstxXwMp3xvGYcxYN5ruPkZeed19Jz4NDiUn8RuiNN2YfhUU+IImZS7NUwO87E9LAfCbg114nL+IEfWP4lPeB8NT8BMXmys74aHSxd1f7ZosX2aFr02N+TcfPhM/YmI7oouCHQWII4cDeZ2dm9kWHvMLfBd587T3Tphb8Sd5O8201/pLRySlGpGGTT4ozUsXHnwVq1VQXY203cT4DeZh7P2hUw9UV6RyMrFhyIJ1RhxDDeP3mbkFybbxY6a2muXCgKwGbMnXQjUgAfht5nxkp+Cs43w+jsFLGti0So5GR1DLTVsyaj77aZze+m4W3HfMmcd2f2kxGEBSiy5W7xDrmAJ4gXFiRvkv2B25SojjEgI6IXBW9nAFyoB3P048J8/r9DqcknO7Xj3/AOHMsSh0uDb9oO0dPCEIE9Y5F8mbKFXmzWNr8BYkynZ7tvhFFR67PTd2XuZKjgBVsLOikEk5jwNraTnOKxT1aj1H9pjduQ5KOgFh5S0J6Wi0sNPTS592bPSKcabZ0DtF6QzUUphFZQQQarCzfkQ7j/M27lIAxJJJ1JJJJ1JJ3kniTKRO6c3Ls2w6eGJcCIiUNxBiIBttg9osTgyPVPdONJzdCOS+4eq/AzrvZvtJRxtPNT7rrbPTb2kJ48mXkw0PynDJfwOMqUKi1aTZHTcenFWH3lPEfTfNceVrh9HDqNFGa3R4Z9E3iR7sr2iTHUsw7tRbCol75W5g8UOtj48RJDOxO+TxJRcXTKxESSBERAKReWa+ISmuZ3VQN5YgD4maqrt5f8JHqfzWyp+prXH4QZlkz48auUkiYxb6N1PLOBv0kdqY3EP99aY5IMzfrfT/AEzHbDKxvUzOf52LjyU90eQE8rP63ghxG3+jeOmk+zb4va2HKsnrAxIKkJdzqLblBnCK+FakzU3BDIcpv0tY+YIPnOyhQBYCw5DSc07Z08uMc+8qN/pCf8Jz6b1N6mbi1SSs9DR49kqvs1eBfuleKk/Am4+p+EyZrQSDmXfu13EciP34TMoVw+m5hvU7/Ecx1npHa+C9ESh01MEMreLyw2Kp+8D4XP0gYqn73xBH1EjkWi+YnlHVtVIPgQfpLZqX0TXm33R/2PSSRZ7d7aDVjuHAdW6fWeVAprrc8TzYn9yZ6RAovfqWJGvif24Twt2OY7h7I5n3j+w/rCIaI6DvO65J8Nd3loPKeSpvc6HQr05HxmyxWDVaml7HW2lr3+Nukx8baw94buo436TRPkpXHJmU3DAMOP8Adp6ljYuHq1agpImZmzNlBAIAFybtpbd8ZONm9iSyk4h2Vj7KoVuOrEggnoPjOTUZ8eH72afGilyQ6Jkba2c+HdkfeveVhudQbhh5CxHAzHvNItSipLo1jJS6EREksIiJBAiIkkmbsfalTC1VrUj3l0Kk2V1O9G6HnwNjO5bF2nTxVFa1M91huO9SNCrDgQbgzgEnfor2nkq1MMx7rrnQcnXR7eK5Tb+QzfBOntZ5uuwJx3rtHVRKygMrOs8cREQCIrhlvmN3b3nJdh4FvZ8BaXSJWJ+bTyzm7k2z11FLoWiImZYSC+kOhapSqW0ZGQnqrKw+TH4SdGRztxhs+FLgXNN1fyJCt8mv5Tu9OybM6/PH/SYOpJnOZQjyI3EbxKy27G+UeZ5D+s+tR3yMhcY1ithmG8/d8x738stML6scx68PAbhCKALCVktlVBe4iIkFjy9MHeP6/GX6eJyCzajgbajkLDTzlqDF0VcEzMNMsbvoBuXf5seJ+XjL0xcFUuCh3ra3VeF+o3eUvVnIFh7R0Xx5noJbspVIwNpvY5gdxCeJPePwA+c1RPHifiZInwqMgQ3IBvfcb7y3ibn4zW4jDpTcW90EXNzvaWUkZtNcmzxuyK2z0wuOp1A3rVDAj7jEXyEX7ylTr1B6SX9ku1hxbtTqqiPbMmUsAwvYrZiTmFx5Gc6xm0qlZKaO90oqy0h7qlrm/M8L8gBMf1dk9bmsc+UKLhtNQysNN9xvuCOUy1ekx6iNNc134OdQaVyfJ2va+yKeKTJUU6aqw0ZTuuD+24zmO1tmNhapolg1hdWAtdTuuODDQEeB4iaqrtnFMFLV6hKap3j3SN3Hva21N5v6PaQ4lFw1TCet7181N29aHbe47pGYkm99Dx0nFp9Jl0ypyuPjqvzyXi5QaZqYk0XsJrf+IOXl6oZh0JzWv5TV7W7KVaLD1Z9cGzWAADgKATddxAvvB5aTSGswSltUuToWeLI8wvJZsGhg8WBTqUwlYbijMgfqoBtm5i3WRRtCQdCN4NwR4g6jzlQbWI0IIIO6xGoIPCaZoOcaTafs0XnBTVpkyx/YbjRq35K4/wCajTzEiuOwFSg2WqhQ8L+y3VWGh8puKfbLEJSKWDtoFqaZlHHMu525H4ie9n9qxUHqsYFqU20ZsuVk4ZiqgXA5gAjrObCtVC99Nf0xjKce+URuZuxMQ1LE0ainKy1FANr2D9w3HHRzMOvUT1jKl8l2KEkEsl9CettZ7oDvpbfnS36xO1tpWjWVTgztabUrr7So/hmQ/PMD8plJt6n/AIgal1cd39a3UeZE17b4E8LF65ng6lTPKlpovokaVQwBBBB3EG4PmIkWSiUJakxpk78tsp8VPdJ62vE9WHruBr6k7MPlpF6IifHHoCIiAJaxNFXRkb2WUq3gRaXYkxk4tNA4viEamzI/tISreK6E+dr+YlumlhrvOp8ZJe3+zslZKoHdrFQ3LMlr38VAPkZHRPtMGRZMamvc7MU9ysRETY1ERKMbamCCsS2lZW0BF+UuSaoJplFqZCGte2h6g6H52PlM6nTOrNqx+AHujp14zBZbi3O4+IImdhnJRSfdF/EaH5yU+DOSqVl2W6ftseWVfqx/3T075Re1zuA5k7hKUkyra9zqSeZOp/vwhFXy6Nc2yDc2ey3J3HMLm9gb2ljajhWWmNFVRYdTcX6nT5mbZ3N8q6nieC+PXp9ISgoOY95uZtp0A3AeEspeSrXg0dLCM+9GK+BF/ppN5g9s4vDgBHdEH3SiFD49395dJlgE1OJCHdbew534L85EqkqatfkhwXub6l2/qKmV6SM+liGKqfFLE38Dbwm47JbafF1KrVAFdVQIArAZSWLHvb9QvykOpoqiygAdJcpYx6LK9M2cGy8je1w3Nbb/AOs8/LoMUoSUIpN+5SWHizpG0NlUMQPtaavyO5h4MLEfGR7FdhqZ/wDbqunRgHA+jfOXcL2wQi1WmynmlmHwJDD5y7ie2WHRbhKrHgoQAk8rlp5EMeuwvbG/9X9M1uj1ZrR2EOt8RfQ2tTtrbS93Ol5DGoGmzK3tqxVr+8pKkeFwd0my9rGdvtKRCcESplJ6O+W/ktvEyI7Zxi1q9RqaLTDMO6puEGRRe9hrp8Z7ekhn2t5mv0jTFOe6mnRhKRq5XMAwNjxCHd52PxnQsN2QpiqlanUPqwyvkZQxNrMoD3Gm7eCZAQthbhunWtgtfC0Cf8pP9onL6nnnjgnF12i2ZVVGwiIny5iIiIAiIgCIiAIiIBp+0+z/AF+GdFF2WzJzzJrYeIuPOctBvqJ2qcz7V7I/h6pZR9m5LLyU72T9x08J73pGoVPE/wBo2wzp0zRRET3TrEREEGpZbabspNjxFidbzZUHLKCRY8fEb9JYwVINVsw0BdulwdL/ABB8plVXHrHAN9xPjuI+Q+MvLoxi6ZWZOFqAUwT7zgW3nvHQDidN0xpk4GmAubebtboMx3cpWJfInxRcVCTmbQ27o90fu3Mz1UciwHtHd+58v6T3LSakt1yjy3/P6SxTpUj2iBRYfHiep6z1ESCaLFbvEJwPebwHDzJHleX5aQXZz1C/AX+rGXYZEfIlmlqzN1Kr5e18T9JelrC+wngCfE6k/Mx7B90UfFIOIJ4gAn6CY64lcxZg3Je6dBz8T9LSxTUgZTvBIPiDv89D5z3Iuiyhauz1Wr+sOUXCjfvBJ32PQCeAANBpPNPj+Jvrae4bZaMaRQgkEAXO4DmToB8bTsmDoerponuIq/pUD9pzPsrgfXYpAR3UOdvBfZHm+X4GdSnz/rORXGC/ZzZpXKvAiInhmQiIgCIiAIiLwBESytfMStNWqMDYhNwP8znur4Xv0muLDPI6jFt/grKSj2Xpi7RwCYhGpuLqfiCNzL1Ez6Wyq7+0y0xyUF2/UbKPgZlrsKl98u5/mdgP0rZflPX03ouptStIwlqoro4ptjZb4Wpkfjco3BwOI5EcRwmDO743s7hqtJqRooAwtdVCsDwIYC4IOs4/2k2BVwNTJU7yMfs6gHdbfofdccR5jp9F8GUYq3bOvTaxT+mXDNRERKHeesGgDu3EqCPAaH55ZqsM9mVjx3/m/wDNpsHNteV7+BBDfI38prkosW9X97d4fzeFtZpF2jnl9MqNo2kwqe0KgAsRYXsMu/jqd8yaiHKyNpYNmNtMoGref7zWiIITds32GxwdC1rEC5G/hceUv0lsoHT58ZHKBKFSbrcC/VDa/wDfSSYyJKiIuxAiLSpctUNx6s/+4y7LWH9nzb/cZdktkR6Es4U/Zr0FvNdD9JdlqlozL1zDwbf/AKr/ABj2D7LGLp2IYbjZW8fun9vhLYmxyZ+5YsW0ygEk+AGpmBVw9SmclRHQ8M6MmYcGGYC/XrDXuTCavbZYo+yPP6mXJbp6Ajkx+tx8jN92W2P/ABVUZh9mlmbkx3qnnvPQdZjkyLHFyl0i0pKMbJZ2L2Z6qjnYWarZjzCfcX5k/mkjiJ8dqM7y5HJ+5xN3yxERMQIiIBZp1wWyEMj8UcZW8QD7Q6i4l6b3GYNKq5XUEcOBB5hhqp6iaDFUHoMqu2ZGNkfS97HuOBx0JDAW01tx9zX+jywpzxu1/UcmLUbuH2epZer3giKXc6hV4D3mO5F6nyvKtmdlpIQrMCSxF8igqCQOLXYADdrc6CxkGBwSUVyoOpJ1ZjxZjxMr6b6U863zfH+k5s23hdmtw+xM+uIbN/8AGtwg/Ed7+dh0m6p01UBVAAGgAFgPADdLkT6zDgx4o1BUcUpOTti0WlYm5U82mLj8BTro1OqgdGFip3ePQ9RMueTpcwFwci7Sdg62HvUw961LUld9RB4AfaAdNeh3yHf3/Yne6W1fWj7BS494kIg8b974LNJtjsYmMPrKuSk/FqKnMejs2jjxW/UTCeFPlHo4NfKPE+V5OPze7AwNKvTamrla6XKJ33Wqh4BQCVZSSNNACpImZtjsLi8Pdly1UH3lYK35kc/RjNL2dxLrjKHqj3/Wott11LWZSd1st/gJjGLjKmjsy5I5IboPlcm4fshj61MqtApcffdF4jhcn5THoejLaDGzepQcSahb4BVncBFp0rHFHmPWZGcyb0WlqYpviV0UAEUjoQLXF3mxT0cJ97Ev+VEH1vJ5aVk7I+DP5jJ5ITT9HVAb61Y//mPokvD0fYTi9U/nX/rJeBKxsj4IebJ5ZD19HuDG5qu8n2xx192V/wDT/Ce9V/WP+sl8Sdq8EfFn5ZED6PsJ79X9a/8AWWK3o5wzWIq1lIvYg0zv36FP7tJtEbI+B8aflmi2XsH+GQJRqZRxORCW6s1gSZg9p+zdTGUsjPTLg3pt6tlKnloxupGhFuvCSuUElpVRVTkpbr5OI4nsJj6bn7NWUkd5HDW4ElTZrW13cJNNl0aWFprSBKW9ourIzMd7d4C9+nKTq08VKYIsQCOR1Hwnn6v09Z47baOj5ub+4jYMrNnV2HROqL6s86ZyfFR3W8wZr6+za9PVStVRw9h7dPuMf0z57Ueh5sfMWmv6ax1KfZ4iWMPilqXy3upswI1B368PgTL88acJQe2XZ0p3yhERKkn/2Q==\", \"updated_at\": \"2025-02-10T23:43:19.000000Z\", \"url_imagen\": \"http://goirdrop.test/imgs/productos/121739230999.jpeg\", \"producto_id\": 2, \"url_archivo\": \"http://goirdrop.test/imgs/productos/121739230999.jpeg\"}]', NULL, 'PRODUCTOS', '2025-02-10', '19:43:19', '2025-02-10 23:43:19', '2025-02-10 23:43:19');

-- --------------------------------------------------------

--
-- Estructura de tabla para la tabla `migrations`
--

CREATE TABLE `migrations` (
  `id` int UNSIGNED NOT NULL,
  `migration` varchar(255) COLLATE utf8mb4_unicode_ci NOT NULL,
  `batch` int NOT NULL
) ENGINE=InnoDB DEFAULT CHARSET=utf8mb4 COLLATE=utf8mb4_unicode_ci;

--
-- Volcado de datos para la tabla `migrations`
--

INSERT INTO `migrations` (`id`, `migration`, `batch`) VALUES
(1, '2024_01_31_165641_create_configuracions_table', 1),
(2, '2024_11_02_153309_create_roles_table', 1),
(3, '2024_11_02_153315_create_modulos_table', 1),
(4, '2024_11_02_153316_create_permisos_table', 1),
(5, '2024_11_02_153316_create_sedes_table', 1),
(6, '2024_11_02_153317_create_users_table', 1),
(7, '2024_11_02_153318_create_historial_accions_table', 1),
(8, '2024_11_02_153834_create_clientes_table', 1),
(9, '2024_11_15_215421_create_notificacions_table', 1),
(10, '2024_11_15_215426_create_notificacion_users_table', 1),
(11, '2025_02_07_101213_create_sede_users_table', 1),
(12, '2025_02_07_101500_create_categorias_table', 1),
(13, '2025_02_07_101512_create_productos_table', 1),
(14, '2025_02_07_101529_create_configuracion_pagos_table', 1),
(15, '2025_02_07_101539_create_orden_ventas_table', 1),
(16, '2025_02_07_101545_create_detalle_ventas_table', 1),
(17, '2025_02_07_101625_create_solicitud_productos_table', 1),
(18, '2025_02_07_102411_create_producto_imagens_table', 1),
(19, '2025_02_07_103944_create_solicitud_detalles_table', 1);

-- --------------------------------------------------------

--
-- Estructura de tabla para la tabla `modulos`
--

CREATE TABLE `modulos` (
  `id` bigint UNSIGNED NOT NULL,
  `modulo` varchar(255) COLLATE utf8mb4_unicode_ci NOT NULL,
  `nombre` varchar(255) COLLATE utf8mb4_unicode_ci NOT NULL,
  `accion` varchar(255) COLLATE utf8mb4_unicode_ci NOT NULL,
  `descripcion` varchar(300) COLLATE utf8mb4_unicode_ci NOT NULL,
  `created_at` timestamp NULL DEFAULT NULL,
  `updated_at` timestamp NULL DEFAULT NULL
) ENGINE=InnoDB DEFAULT CHARSET=utf8mb4 COLLATE=utf8mb4_unicode_ci;

--
-- Volcado de datos para la tabla `modulos`
--

INSERT INTO `modulos` (`id`, `modulo`, `nombre`, `accion`, `descripcion`, `created_at`, `updated_at`) VALUES
(1, 'Gestión de usuarios', 'usuarios.index', 'VER', 'VER LA LISTA DE USUARIOS', '2025-02-08 17:55:16', '2025-02-08 17:55:16'),
(2, 'Gestión de usuarios', 'usuarios.create', 'CREAR', 'CREAR USUARIOS', '2025-02-08 17:55:16', '2025-02-08 17:55:16'),
(3, 'Gestión de usuarios', 'usuarios.edit', 'EDITAR', 'EDITAR USUARIOS', '2025-02-08 17:55:16', '2025-02-08 17:55:16'),
(4, 'Gestión de usuarios', 'usuarios.destroy', 'ELIMINAR', 'ELIMINAR USUARIOS', '2025-02-08 17:55:16', '2025-02-08 17:55:16'),
(5, 'Roles y Permisos', 'roles.index', 'VER', 'VER LA LISTA DE ROLES Y PERMISOS', '2025-02-08 17:55:16', '2025-02-08 17:55:16'),
(6, 'Roles y Permisos', 'roles.create', 'CREAR', 'CREAR ROLES Y PERMISOS', '2025-02-08 17:55:16', '2025-02-08 17:55:16'),
(7, 'Roles y Permisos', 'roles.edit', 'EDITAR', 'EDITAR ROLES Y PERMISOS', '2025-02-08 17:55:16', '2025-02-08 17:55:16'),
(8, 'Roles y Permisos', 'roles.destroy', 'ELIMINAR', 'ELIMINAR ROLES Y PERMISOS', '2025-02-08 17:55:16', '2025-02-08 17:55:16'),
(9, 'Configuración', 'configuracions.index', 'VER', 'VER INFORMACIÓN DE LA CONFIGURACIÓN DEL SISTEMA', '2025-02-08 17:55:16', '2025-02-08 17:55:16'),
(10, 'Configuración', 'configuracions.edit', 'EDITAR', 'EDITAR LA CONFIGURACIÓN DEL SISTEMA', '2025-02-08 17:55:16', '2025-02-08 17:55:16'),
(11, 'Configuración de pagos', 'configuracion_pagos.index', 'VER', 'VER LA LISTA DE CONFIGURACIÓN DE PAGOS', '2025-02-08 17:55:16', '2025-02-08 17:55:16'),
(12, 'Configuración de pagos', 'configuracion_pagos.create', 'CREAR', 'CREAR CONFIGURACIÓN DE PAGOS', '2025-02-08 17:55:16', '2025-02-08 17:55:16'),
(13, 'Configuración de pagos', 'configuracion_pagos.edit', 'EDITAR', 'EDITAR CONFIGURACIÓN DE PAGOS', '2025-02-08 17:55:16', '2025-02-08 17:55:16'),
(14, 'Configuración de pagos', 'configuracion_pagos.destroy', 'ELIMINAR', 'ELIMINAR CONFIGURACIÓN DE PAGOS', '2025-02-08 17:55:16', '2025-02-08 17:55:16'),
(15, 'Categorías', 'categorias.index', 'VER', 'VER LA LISTA DE CATEGORIAS', '2025-02-08 17:55:16', '2025-02-08 17:55:16'),
(16, 'Categorías', 'categorias.create', 'CREAR', 'CREAR CATEGORIAS', '2025-02-08 17:55:16', '2025-02-08 17:55:16'),
(17, 'Categorías', 'categorias.edit', 'EDITAR', 'EDITAR CATEGORIAS', '2025-02-08 17:55:16', '2025-02-08 17:55:16'),
(18, 'Categorías', 'categorias.destroy', 'ELIMINAR', 'ELIMINAR CATEGORIAS', '2025-02-08 17:55:16', '2025-02-08 17:55:16'),
(19, 'Productos', 'productos.index', 'VER', 'VER LA LISTA DE PRODUCTOS', '2025-02-08 17:55:16', '2025-02-08 17:55:16'),
(20, 'Productos', 'productos.create', 'CREAR', 'CREAR PRODUCTOS', '2025-02-08 17:55:16', '2025-02-08 17:55:16'),
(21, 'Productos', 'productos.edit', 'EDITAR', 'EDITAR PRODUCTOS', '2025-02-08 17:55:16', '2025-02-08 17:55:16'),
(22, 'Productos', 'productos.destroy', 'ELIMINAR', 'ELIMINAR PRODUCTOS', '2025-02-08 17:55:16', '2025-02-08 17:55:16'),
(23, 'Orden de venta', 'orden_ventas.index', 'VER', 'VER LA LISTA DE ORDENES DE VENTA', '2025-02-08 17:55:16', '2025-02-08 17:55:16'),
(24, 'Orden de venta', 'orden_ventas.todos', 'TODAS LAS ORDENES DE VENTA', 'VER TODAS LAS ORDENES DE VENTA', '2025-02-08 17:55:16', '2025-02-08 17:55:16'),
(25, 'Orden de venta', 'orden_ventas.confirmar', 'CONFIRMAR', 'CONFIRMAR ORDENES DE VENTA', '2025-02-08 17:55:16', '2025-02-08 17:55:16'),
(26, 'Orden de venta', 'orden_ventas.create', 'CREAR', 'CREAR ORDEN DE VENTA', '2025-02-08 17:55:16', '2025-02-08 17:55:16'),
(27, 'Orden de venta', 'orden_ventas.edit', 'EDITAR', 'EDITAR ORDEN DE VENTA', '2025-02-08 17:55:16', '2025-02-08 17:55:16'),
(28, 'Orden de venta', 'orden_ventas.destroy', 'ELIMINAR', 'ELIMINAR ORDEN DE VENTA', '2025-02-08 17:55:16', '2025-02-08 17:55:16'),
(29, 'Solicitud de productos', 'solicitud_productos.index', 'VER', 'VER LA LISTA DE SOLICITUDES DE PRODUCTOS', '2025-02-08 17:55:16', '2025-02-08 17:55:16'),
(30, 'Solicitud de productos', 'solicitud_productos.todos', 'TODAS LAS SOLICITUDES DE PRODUCTOS', 'VER TODAS LAS SOLICITUDES DE PRODUCTOS', '2025-02-08 17:55:16', '2025-02-08 17:55:16'),
(31, 'Solicitud de productos', 'solicitud_productos.confirmar', 'VERIFICAR', 'VERIFICAR SOLICITUDES DE PRODUCTOS', '2025-02-08 17:55:16', '2025-02-08 17:55:16'),
(32, 'Solicitud de productos', 'solicitud_productos.seguimiento', 'SEGUIMIENTO', 'SEGUIMIENTO DE SOLICITUDES DE PRODUCTOS', '2025-02-08 17:55:16', '2025-02-08 17:55:16'),
(33, 'Solicitud de productos', 'solicitud_productos.create', 'CREAR', 'CREAR SOLICITUD DE PRODUCTO', '2025-02-08 17:55:16', '2025-02-08 17:55:16'),
(34, 'Solicitud de productos', 'solicitud_productos.edit', 'EDITAR', 'EDITAR SOLICITUD DE PRODUCTO', '2025-02-08 17:55:16', '2025-02-08 17:55:16'),
(35, 'Solicitud de productos', 'solicitud_productos.destroy', 'ELIMINAR', 'ELIMINAR SOLICITUD DE PRODUCTO', '2025-02-08 17:55:16', '2025-02-08 17:55:16'),
(36, 'Reportes', 'reportes.usuarios', 'REPORTE LISTA DE USUARIOS', 'GENERAR REPORTES DE LISTA DE USUARIOS', '2025-02-08 17:55:16', '2025-02-08 17:55:16'),
(37, 'Reportes', 'reportes.productos', 'REPORTE PRODUCTOS', 'GENERAR REPORTES DE PRODUCTOS', '2025-02-08 17:55:16', '2025-02-08 17:55:16'),
(38, 'Reportes', 'reportes.orden_ventas', 'REPORTE ORDENES DE VENTAS', 'GENERAR REPORTES DE ORDENES DE VENTAS', '2025-02-08 17:55:16', '2025-02-08 17:55:16'),
(39, 'Reportes', 'reportes.solicitud_productos', 'REPORTE DE SOLICITUD DE PRODUCTOS', 'GENERAR REPORTES DE SOLICITUD DE PRODUCTOS', '2025-02-08 17:55:16', '2025-02-08 17:55:16'),
(40, 'Reportes', 'reportes.seguimiento_solicituds', 'REPORTE DE SEGUIMIENTO DE SOLICITUD DE PRODUCTOS', 'GENERAR REPORTES DE SEGUIMIENTO DE SOLICITUD DE PRODUCTOS', '2025-02-08 17:55:16', '2025-02-08 17:55:16'),
(41, 'Reportes', 'reportes.g_orden_ventas', 'REPORTE GRÁFICO DE ORDENES DE VENTAS', 'GENERAR REPORTE GRÁFICO DE ORDENES DE VENTAS', '2025-02-08 17:55:16', '2025-02-08 17:55:16'),
(42, 'Reportes', 'reportes.g_solicitud_productos', 'REPORTE GRÁFICO DE SOLICITUD DE PRODUCTOS', 'GENERAR REPORTE GRÁFICO DE SOLICITUD DE PRODUCTOS', '2025-02-08 17:55:16', '2025-02-08 17:55:16'),
(43, 'Reportes', 'reportes.g_seguimiento_productos', 'REPORTE GRÁFICO DE SEGUIMIENTO DE SOLICITUD DE PRODUCTOS', 'GENERAR REPORTE GRÁFICO DE SEGUIMIENTO DE SOLICITUD DE PRODUCTOS', '2025-02-08 17:55:16', '2025-02-08 17:55:16');

-- --------------------------------------------------------

--
-- Estructura de tabla para la tabla `notificacions`
--

CREATE TABLE `notificacions` (
  `id` bigint UNSIGNED NOT NULL,
  `tipo` varchar(255) COLLATE utf8mb4_unicode_ci NOT NULL,
  `descripcion` varchar(900) COLLATE utf8mb4_unicode_ci NOT NULL,
  `fecha` date NOT NULL,
  `hora` time NOT NULL,
  `created_at` timestamp NULL DEFAULT NULL,
  `updated_at` timestamp NULL DEFAULT NULL
) ENGINE=InnoDB DEFAULT CHARSET=utf8mb4 COLLATE=utf8mb4_unicode_ci;

-- --------------------------------------------------------

--
-- Estructura de tabla para la tabla `notificacion_users`
--

CREATE TABLE `notificacion_users` (
  `notificacion_id` bigint UNSIGNED NOT NULL,
  `user_id` bigint UNSIGNED NOT NULL,
  `visto` int NOT NULL DEFAULT '0',
  `created_at` timestamp NULL DEFAULT NULL,
  `updated_at` timestamp NULL DEFAULT NULL
) ENGINE=InnoDB DEFAULT CHARSET=utf8mb4 COLLATE=utf8mb4_unicode_ci;

-- --------------------------------------------------------

--
-- Estructura de tabla para la tabla `orden_ventas`
--

CREATE TABLE `orden_ventas` (
  `id` bigint UNSIGNED NOT NULL,
  `codigo` varchar(255) COLLATE utf8mb4_unicode_ci NOT NULL,
  `cliente_id` bigint UNSIGNED NOT NULL,
  `nombre_cliente` varchar(255) COLLATE utf8mb4_unicode_ci NOT NULL,
  `apellidos_cliente` varchar(255) COLLATE utf8mb4_unicode_ci NOT NULL,
  `cel` varchar(255) COLLATE utf8mb4_unicode_ci NOT NULL,
  `estado_orden` varchar(255) COLLATE utf8mb4_unicode_ci NOT NULL DEFAULT 'PENDIENTE',
  `estado_pago` int NOT NULL,
  `configuracion_pago_id` bigint UNSIGNED NOT NULL,
  `comprobante` varchar(255) COLLATE utf8mb4_unicode_ci NOT NULL,
  `observacion` text COLLATE utf8mb4_unicode_ci,
  `status` int NOT NULL,
  `fecha_orden` date NOT NULL,
  `fecha_confirmacion` date NOT NULL,
  `created_at` timestamp NULL DEFAULT NULL,
  `updated_at` timestamp NULL DEFAULT NULL
) ENGINE=InnoDB DEFAULT CHARSET=utf8mb4 COLLATE=utf8mb4_unicode_ci;

-- --------------------------------------------------------

--
-- Estructura de tabla para la tabla `permisos`
--

CREATE TABLE `permisos` (
  `id` bigint UNSIGNED NOT NULL,
  `role_id` bigint UNSIGNED NOT NULL,
  `modulo_id` bigint UNSIGNED NOT NULL,
  `created_at` timestamp NULL DEFAULT NULL,
  `updated_at` timestamp NULL DEFAULT NULL
) ENGINE=InnoDB DEFAULT CHARSET=utf8mb4 COLLATE=utf8mb4_unicode_ci;

-- --------------------------------------------------------

--
-- Estructura de tabla para la tabla `productos`
--

CREATE TABLE `productos` (
  `id` bigint UNSIGNED NOT NULL,
  `categoria_id` bigint UNSIGNED NOT NULL,
  `nombre` varchar(255) COLLATE utf8mb4_unicode_ci NOT NULL,
  `descripcion` varchar(600) COLLATE utf8mb4_unicode_ci NOT NULL,
  `stock_actual` int NOT NULL,
  `precio_compra` decimal(24,2) NOT NULL,
  `precio_venta` decimal(24,2) NOT NULL,
  `observaciones` text COLLATE utf8mb4_unicode_ci NOT NULL,
  `publico` varchar(255) COLLATE utf8mb4_unicode_ci NOT NULL,
  `fecha_registro` date NOT NULL,
  `status` int NOT NULL DEFAULT '1',
  `created_at` timestamp NULL DEFAULT NULL,
  `updated_at` timestamp NULL DEFAULT NULL
) ENGINE=InnoDB DEFAULT CHARSET=utf8mb4 COLLATE=utf8mb4_unicode_ci;

--
-- Volcado de datos para la tabla `productos`
--

INSERT INTO `productos` (`id`, `categoria_id`, `nombre`, `descripcion`, `stock_actual`, `precio_compra`, `precio_venta`, `observaciones`, `publico`, `fecha_registro`, `status`, `created_at`, `updated_at`) VALUES
(1, 1, 'PRODUCTO 1S', 'DESCRIPCION PRODUCTO 1', 20, 230.00, 250.00, 'OBSERVACIONES', 'HABILITADO', '2025-02-10', 1, '2025-02-10 23:35:37', '2025-02-10 23:41:00'),
(2, 4, 'PRODUCTO 2', 'DESCRIPCION PRODUCTO 2', 10, 330.00, 499.99, '', 'DESHABILITADO', '2025-02-10', 1, '2025-02-10 23:43:19', '2025-02-10 23:43:19');

-- --------------------------------------------------------

--
-- Estructura de tabla para la tabla `producto_imagens`
--

CREATE TABLE `producto_imagens` (
  `id` bigint UNSIGNED NOT NULL,
  `producto_id` bigint UNSIGNED NOT NULL,
  `imagen` varchar(255) COLLATE utf8mb4_unicode_ci NOT NULL,
  `created_at` timestamp NULL DEFAULT NULL,
  `updated_at` timestamp NULL DEFAULT NULL
) ENGINE=InnoDB DEFAULT CHARSET=utf8mb4 COLLATE=utf8mb4_unicode_ci;

--
-- Volcado de datos para la tabla `producto_imagens`
--

INSERT INTO `producto_imagens` (`id`, `producto_id`, `imagen`, `created_at`, `updated_at`) VALUES
(1, 1, '011739230537.webp', '2025-02-10 23:35:37', '2025-02-10 23:35:37'),
(3, 1, '111739230955.jpg', '2025-02-10 23:42:35', '2025-02-10 23:42:35'),
(4, 1, '211739230955.jpg', '2025-02-10 23:42:35', '2025-02-10 23:42:35'),
(5, 2, '021739230999.png', '2025-02-10 23:43:19', '2025-02-10 23:43:19'),
(6, 2, '121739230999.jpeg', '2025-02-10 23:43:19', '2025-02-10 23:43:19');

-- --------------------------------------------------------

--
-- Estructura de tabla para la tabla `roles`
--

CREATE TABLE `roles` (
  `id` bigint UNSIGNED NOT NULL,
  `nombre` varchar(255) COLLATE utf8mb4_unicode_ci NOT NULL,
  `permisos` int NOT NULL DEFAULT '0',
  `usuarios` int NOT NULL DEFAULT '1',
  `created_at` timestamp NULL DEFAULT NULL,
  `updated_at` timestamp NULL DEFAULT NULL
) ENGINE=InnoDB DEFAULT CHARSET=utf8mb4 COLLATE=utf8mb4_unicode_ci;

--
-- Volcado de datos para la tabla `roles`
--

INSERT INTO `roles` (`id`, `nombre`, `permisos`, `usuarios`, `created_at`, `updated_at`) VALUES
(1, 'SUPER USUARIO', 1, 0, '2025-02-07 15:17:41', '2025-02-07 15:17:41'),
(2, 'CLIENTE', 0, 0, NULL, NULL),
(3, 'ADMINITRADOR', 0, 1, '2025-02-09 15:32:31', '2025-02-09 15:32:31');

-- --------------------------------------------------------

--
-- Estructura de tabla para la tabla `sedes`
--

CREATE TABLE `sedes` (
  `id` bigint UNSIGNED NOT NULL,
  `nombre` varchar(255) COLLATE utf8mb4_unicode_ci NOT NULL,
  `created_at` timestamp NULL DEFAULT NULL,
  `updated_at` timestamp NULL DEFAULT NULL
) ENGINE=InnoDB DEFAULT CHARSET=utf8mb4 COLLATE=utf8mb4_unicode_ci;

--
-- Volcado de datos para la tabla `sedes`
--

INSERT INTO `sedes` (`id`, `nombre`, `created_at`, `updated_at`) VALUES
(1, 'LA PAZ', '2025-02-09 15:11:10', '2025-02-09 15:11:10'),
(2, 'COCHABAMBA', '2025-02-09 15:11:10', '2025-02-09 15:11:10'),
(3, 'SANTA CRUZ', '2025-02-09 15:11:10', '2025-02-09 15:11:10'),
(4, 'CHUQUISACA', '2025-02-09 15:11:10', '2025-02-09 15:11:10'),
(5, 'ORURO', '2025-02-09 15:11:10', '2025-02-09 15:11:10'),
(6, 'POTOSÍ', '2025-02-09 15:11:10', '2025-02-09 15:11:10'),
(7, 'TARIJA', '2025-02-09 15:11:10', '2025-02-09 15:11:10'),
(8, 'BENI', '2025-02-09 15:11:10', '2025-02-09 15:11:10'),
(9, 'PANDO', '2025-02-09 15:11:10', '2025-02-09 15:11:10');

-- --------------------------------------------------------

--
-- Estructura de tabla para la tabla `sede_users`
--

CREATE TABLE `sede_users` (
  `sede_id` bigint UNSIGNED NOT NULL,
  `user_id` bigint UNSIGNED NOT NULL,
  `created_at` timestamp NULL DEFAULT NULL,
  `updated_at` timestamp NULL DEFAULT NULL
) ENGINE=InnoDB DEFAULT CHARSET=utf8mb4 COLLATE=utf8mb4_unicode_ci;

--
-- Volcado de datos para la tabla `sede_users`
--

INSERT INTO `sede_users` (`sede_id`, `user_id`, `created_at`, `updated_at`) VALUES
(1, 2, '2025-02-09 16:28:14', '2025-02-09 16:28:14'),
(2, 2, '2025-02-09 16:28:14', '2025-02-09 16:28:14'),
(3, 2, '2025-02-09 16:28:14', '2025-02-09 16:28:14'),
(8, 2, '2025-02-09 16:28:27', '2025-02-09 16:28:27');

-- --------------------------------------------------------

--
-- Estructura de tabla para la tabla `solicitud_detalles`
--

CREATE TABLE `solicitud_detalles` (
  `id` bigint UNSIGNED NOT NULL,
  `solicitud_producto_id` bigint UNSIGNED NOT NULL,
  `nombre_producto` varchar(255) COLLATE utf8mb4_unicode_ci NOT NULL,
  `detalle_producto` varchar(800) COLLATE utf8mb4_unicode_ci NOT NULL,
  `links_referencia` text COLLATE utf8mb4_unicode_ci NOT NULL,
  `created_at` timestamp NULL DEFAULT NULL,
  `updated_at` timestamp NULL DEFAULT NULL
) ENGINE=InnoDB DEFAULT CHARSET=utf8mb4 COLLATE=utf8mb4_unicode_ci;

-- --------------------------------------------------------

--
-- Estructura de tabla para la tabla `solicitud_productos`
--

CREATE TABLE `solicitud_productos` (
  `id` bigint UNSIGNED NOT NULL,
  `codigo_solicitud` varchar(255) COLLATE utf8mb4_unicode_ci NOT NULL,
  `sede_id` bigint UNSIGNED NOT NULL,
  `cliente_id` bigint UNSIGNED NOT NULL,
  `nombre_cliente` varchar(255) COLLATE utf8mb4_unicode_ci NOT NULL,
  `apellidos_cliente` varchar(255) COLLATE utf8mb4_unicode_ci NOT NULL,
  `cel` varchar(255) COLLATE utf8mb4_unicode_ci NOT NULL,
  `estado_solicitud` varchar(255) COLLATE utf8mb4_unicode_ci NOT NULL DEFAULT 'PENDIENTE',
  `estado_seguimiento` varchar(255) COLLATE utf8mb4_unicode_ci NOT NULL,
  `observacion` text COLLATE utf8mb4_unicode_ci,
  `status` int NOT NULL,
  `fecha_solicitud` date NOT NULL,
  `fecha_verificacion` date NOT NULL,
  `created_at` timestamp NULL DEFAULT NULL,
  `updated_at` timestamp NULL DEFAULT NULL
) ENGINE=InnoDB DEFAULT CHARSET=utf8mb4 COLLATE=utf8mb4_unicode_ci;

-- --------------------------------------------------------

--
-- Estructura de tabla para la tabla `users`
--

CREATE TABLE `users` (
  `id` bigint UNSIGNED NOT NULL,
  `usuario` varchar(255) COLLATE utf8mb4_unicode_ci NOT NULL,
  `nombres` varchar(255) COLLATE utf8mb4_unicode_ci NOT NULL,
  `apellidos` varchar(255) COLLATE utf8mb4_unicode_ci NOT NULL,
  `ci` varchar(255) COLLATE utf8mb4_unicode_ci NOT NULL,
  `ci_exp` varchar(155) COLLATE utf8mb4_unicode_ci NOT NULL,
  `correo` varchar(255) COLLATE utf8mb4_unicode_ci NOT NULL,
  `password` varchar(255) COLLATE utf8mb4_unicode_ci NOT NULL,
  `role_id` bigint UNSIGNED DEFAULT NULL,
  `sedes_todo` int NOT NULL DEFAULT '0',
  `foto` varchar(255) COLLATE utf8mb4_unicode_ci DEFAULT NULL,
  `fecha_registro` date NOT NULL,
  `acceso` int NOT NULL,
  `status` int NOT NULL DEFAULT '1',
  `created_at` timestamp NULL DEFAULT NULL,
  `updated_at` timestamp NULL DEFAULT NULL
) ENGINE=InnoDB DEFAULT CHARSET=utf8mb4 COLLATE=utf8mb4_unicode_ci;

--
-- Volcado de datos para la tabla `users`
--

INSERT INTO `users` (`id`, `usuario`, `nombres`, `apellidos`, `ci`, `ci_exp`, `correo`, `password`, `role_id`, `sedes_todo`, `foto`, `fecha_registro`, `acceso`, `status`, `created_at`, `updated_at`) VALUES
(1, 'admin', 'admin', 'admin', '0', '', 'admin@admin.com', '$2y$12$65d4fgZsvBV5Lc/AxNKh4eoUdbGyaczQ4sSco20feSQANshNLuxSC', 1, 1, NULL, '2025-02-07', 1, 1, '2025-02-07 15:17:42', '2025-02-07 15:17:42'),
(2, 'juan@gmail.com', 'JUAN', 'PERES', '222222', 'LP', 'juan@gmail.com', '$2y$12$itLoRKn93EgasFLYaz3kIevAfQTctoaq6Vd6O4a9hwRh8M42gavkm', 3, 0, '1739213656_2.jpg', '2025-02-09', 1, 1, '2025-02-09 16:28:14', '2025-02-10 18:54:16');

--
-- Índices para tablas volcadas
--

--
-- Indices de la tabla `categorias`
--
ALTER TABLE `categorias`
  ADD PRIMARY KEY (`id`);

--
-- Indices de la tabla `clientes`
--
ALTER TABLE `clientes`
  ADD PRIMARY KEY (`id`),
  ADD KEY `clientes_user_id_foreign` (`user_id`);

--
-- Indices de la tabla `configuracions`
--
ALTER TABLE `configuracions`
  ADD PRIMARY KEY (`id`);

--
-- Indices de la tabla `configuracion_pagos`
--
ALTER TABLE `configuracion_pagos`
  ADD PRIMARY KEY (`id`);

--
-- Indices de la tabla `detalle_ventas`
--
ALTER TABLE `detalle_ventas`
  ADD PRIMARY KEY (`id`),
  ADD KEY `detalle_ventas_orden_venta_id_foreign` (`orden_venta_id`),
  ADD KEY `detalle_ventas_producto_id_foreign` (`producto_id`);

--
-- Indices de la tabla `historial_accions`
--
ALTER TABLE `historial_accions`
  ADD PRIMARY KEY (`id`),
  ADD KEY `historial_accions_user_id_foreign` (`user_id`);

--
-- Indices de la tabla `migrations`
--
ALTER TABLE `migrations`
  ADD PRIMARY KEY (`id`);

--
-- Indices de la tabla `modulos`
--
ALTER TABLE `modulos`
  ADD PRIMARY KEY (`id`);

--
-- Indices de la tabla `notificacions`
--
ALTER TABLE `notificacions`
  ADD PRIMARY KEY (`id`);

--
-- Indices de la tabla `notificacion_users`
--
ALTER TABLE `notificacion_users`
  ADD KEY `notificacion_users_notificacion_id_foreign` (`notificacion_id`),
  ADD KEY `notificacion_users_user_id_foreign` (`user_id`);

--
-- Indices de la tabla `orden_ventas`
--
ALTER TABLE `orden_ventas`
  ADD PRIMARY KEY (`id`),
  ADD UNIQUE KEY `orden_ventas_codigo_unique` (`codigo`),
  ADD KEY `orden_ventas_cliente_id_foreign` (`cliente_id`),
  ADD KEY `orden_ventas_configuracion_pago_id_foreign` (`configuracion_pago_id`);

--
-- Indices de la tabla `permisos`
--
ALTER TABLE `permisos`
  ADD PRIMARY KEY (`id`),
  ADD KEY `permisos_role_id_foreign` (`role_id`),
  ADD KEY `permisos_modulo_id_foreign` (`modulo_id`);

--
-- Indices de la tabla `productos`
--
ALTER TABLE `productos`
  ADD PRIMARY KEY (`id`),
  ADD KEY `productos_categoria_id_foreign` (`categoria_id`);

--
-- Indices de la tabla `producto_imagens`
--
ALTER TABLE `producto_imagens`
  ADD PRIMARY KEY (`id`),
  ADD KEY `producto_imagens_producto_id_foreign` (`producto_id`);

--
-- Indices de la tabla `roles`
--
ALTER TABLE `roles`
  ADD PRIMARY KEY (`id`);

--
-- Indices de la tabla `sedes`
--
ALTER TABLE `sedes`
  ADD PRIMARY KEY (`id`);

--
-- Indices de la tabla `sede_users`
--
ALTER TABLE `sede_users`
  ADD KEY `sede_users_sede_id_foreign` (`sede_id`),
  ADD KEY `fk_sede_users_user` (`user_id`);

--
-- Indices de la tabla `solicitud_detalles`
--
ALTER TABLE `solicitud_detalles`
  ADD PRIMARY KEY (`id`),
  ADD KEY `solicitud_detalles_solicitud_producto_id_foreign` (`solicitud_producto_id`);

--
-- Indices de la tabla `solicitud_productos`
--
ALTER TABLE `solicitud_productos`
  ADD PRIMARY KEY (`id`),
  ADD KEY `solicitud_productos_cliente_id_foreign` (`cliente_id`),
  ADD KEY `solicitud_productos_sede_id_foreign` (`sede_id`);

--
-- Indices de la tabla `users`
--
ALTER TABLE `users`
  ADD PRIMARY KEY (`id`),
  ADD UNIQUE KEY `users_usuario_unique` (`usuario`),
  ADD UNIQUE KEY `users_correo_unique` (`correo`),
  ADD KEY `users_role_id_foreign` (`role_id`);

--
-- AUTO_INCREMENT de las tablas volcadas
--

--
-- AUTO_INCREMENT de la tabla `categorias`
--
ALTER TABLE `categorias`
  MODIFY `id` bigint UNSIGNED NOT NULL AUTO_INCREMENT, AUTO_INCREMENT=5;

--
-- AUTO_INCREMENT de la tabla `clientes`
--
ALTER TABLE `clientes`
  MODIFY `id` bigint UNSIGNED NOT NULL AUTO_INCREMENT;

--
-- AUTO_INCREMENT de la tabla `configuracions`
--
ALTER TABLE `configuracions`
  MODIFY `id` bigint UNSIGNED NOT NULL AUTO_INCREMENT, AUTO_INCREMENT=2;

--
-- AUTO_INCREMENT de la tabla `configuracion_pagos`
--
ALTER TABLE `configuracion_pagos`
  MODIFY `id` bigint UNSIGNED NOT NULL AUTO_INCREMENT;

--
-- AUTO_INCREMENT de la tabla `detalle_ventas`
--
ALTER TABLE `detalle_ventas`
  MODIFY `id` bigint UNSIGNED NOT NULL AUTO_INCREMENT;

--
-- AUTO_INCREMENT de la tabla `historial_accions`
--
ALTER TABLE `historial_accions`
  MODIFY `id` bigint UNSIGNED NOT NULL AUTO_INCREMENT, AUTO_INCREMENT=17;

--
-- AUTO_INCREMENT de la tabla `migrations`
--
ALTER TABLE `migrations`
  MODIFY `id` int UNSIGNED NOT NULL AUTO_INCREMENT, AUTO_INCREMENT=20;

--
-- AUTO_INCREMENT de la tabla `modulos`
--
ALTER TABLE `modulos`
  MODIFY `id` bigint UNSIGNED NOT NULL AUTO_INCREMENT, AUTO_INCREMENT=44;

--
-- AUTO_INCREMENT de la tabla `notificacions`
--
ALTER TABLE `notificacions`
  MODIFY `id` bigint UNSIGNED NOT NULL AUTO_INCREMENT;

--
-- AUTO_INCREMENT de la tabla `orden_ventas`
--
ALTER TABLE `orden_ventas`
  MODIFY `id` bigint UNSIGNED NOT NULL AUTO_INCREMENT;

--
-- AUTO_INCREMENT de la tabla `permisos`
--
ALTER TABLE `permisos`
  MODIFY `id` bigint UNSIGNED NOT NULL AUTO_INCREMENT, AUTO_INCREMENT=2;

--
-- AUTO_INCREMENT de la tabla `productos`
--
ALTER TABLE `productos`
  MODIFY `id` bigint UNSIGNED NOT NULL AUTO_INCREMENT, AUTO_INCREMENT=3;

--
-- AUTO_INCREMENT de la tabla `producto_imagens`
--
ALTER TABLE `producto_imagens`
  MODIFY `id` bigint UNSIGNED NOT NULL AUTO_INCREMENT, AUTO_INCREMENT=7;

--
-- AUTO_INCREMENT de la tabla `roles`
--
ALTER TABLE `roles`
  MODIFY `id` bigint UNSIGNED NOT NULL AUTO_INCREMENT, AUTO_INCREMENT=4;

--
-- AUTO_INCREMENT de la tabla `sedes`
--
ALTER TABLE `sedes`
  MODIFY `id` bigint UNSIGNED NOT NULL AUTO_INCREMENT, AUTO_INCREMENT=10;

--
-- AUTO_INCREMENT de la tabla `solicitud_detalles`
--
ALTER TABLE `solicitud_detalles`
  MODIFY `id` bigint UNSIGNED NOT NULL AUTO_INCREMENT;

--
-- AUTO_INCREMENT de la tabla `solicitud_productos`
--
ALTER TABLE `solicitud_productos`
  MODIFY `id` bigint UNSIGNED NOT NULL AUTO_INCREMENT;

--
-- AUTO_INCREMENT de la tabla `users`
--
ALTER TABLE `users`
  MODIFY `id` bigint UNSIGNED NOT NULL AUTO_INCREMENT, AUTO_INCREMENT=3;

--
-- Restricciones para tablas volcadas
--

--
-- Filtros para la tabla `clientes`
--
ALTER TABLE `clientes`
  ADD CONSTRAINT `clientes_user_id_foreign` FOREIGN KEY (`user_id`) REFERENCES `users` (`id`);

--
-- Filtros para la tabla `detalle_ventas`
--
ALTER TABLE `detalle_ventas`
  ADD CONSTRAINT `detalle_ventas_orden_venta_id_foreign` FOREIGN KEY (`orden_venta_id`) REFERENCES `orden_ventas` (`id`),
  ADD CONSTRAINT `detalle_ventas_producto_id_foreign` FOREIGN KEY (`producto_id`) REFERENCES `productos` (`id`);

--
-- Filtros para la tabla `historial_accions`
--
ALTER TABLE `historial_accions`
  ADD CONSTRAINT `historial_accions_user_id_foreign` FOREIGN KEY (`user_id`) REFERENCES `users` (`id`);

--
-- Filtros para la tabla `notificacion_users`
--
ALTER TABLE `notificacion_users`
  ADD CONSTRAINT `notificacion_users_notificacion_id_foreign` FOREIGN KEY (`notificacion_id`) REFERENCES `notificacions` (`id`),
  ADD CONSTRAINT `notificacion_users_user_id_foreign` FOREIGN KEY (`user_id`) REFERENCES `users` (`id`);

--
-- Filtros para la tabla `orden_ventas`
--
ALTER TABLE `orden_ventas`
  ADD CONSTRAINT `orden_ventas_cliente_id_foreign` FOREIGN KEY (`cliente_id`) REFERENCES `clientes` (`id`),
  ADD CONSTRAINT `orden_ventas_configuracion_pago_id_foreign` FOREIGN KEY (`configuracion_pago_id`) REFERENCES `configuracion_pagos` (`id`);

--
-- Filtros para la tabla `permisos`
--
ALTER TABLE `permisos`
  ADD CONSTRAINT `permisos_modulo_id_foreign` FOREIGN KEY (`modulo_id`) REFERENCES `modulos` (`id`),
  ADD CONSTRAINT `permisos_role_id_foreign` FOREIGN KEY (`role_id`) REFERENCES `roles` (`id`);

--
-- Filtros para la tabla `productos`
--
ALTER TABLE `productos`
  ADD CONSTRAINT `productos_categoria_id_foreign` FOREIGN KEY (`categoria_id`) REFERENCES `categorias` (`id`);

--
-- Filtros para la tabla `producto_imagens`
--
ALTER TABLE `producto_imagens`
  ADD CONSTRAINT `producto_imagens_producto_id_foreign` FOREIGN KEY (`producto_id`) REFERENCES `productos` (`id`);

--
-- Filtros para la tabla `sede_users`
--
ALTER TABLE `sede_users`
  ADD CONSTRAINT `fk_sede_users_user` FOREIGN KEY (`user_id`) REFERENCES `users` (`id`) ON DELETE CASCADE,
  ADD CONSTRAINT `sede_users_sede_id_foreign` FOREIGN KEY (`sede_id`) REFERENCES `sedes` (`id`),
  ADD CONSTRAINT `sede_users_user_id_foreign` FOREIGN KEY (`user_id`) REFERENCES `users` (`id`);

--
-- Filtros para la tabla `solicitud_detalles`
--
ALTER TABLE `solicitud_detalles`
  ADD CONSTRAINT `solicitud_detalles_solicitud_producto_id_foreign` FOREIGN KEY (`solicitud_producto_id`) REFERENCES `solicitud_productos` (`id`);

--
-- Filtros para la tabla `solicitud_productos`
--
ALTER TABLE `solicitud_productos`
  ADD CONSTRAINT `solicitud_productos_cliente_id_foreign` FOREIGN KEY (`cliente_id`) REFERENCES `clientes` (`id`),
  ADD CONSTRAINT `solicitud_productos_sede_id_foreign` FOREIGN KEY (`sede_id`) REFERENCES `sedes` (`id`);

--
-- Filtros para la tabla `users`
--
ALTER TABLE `users`
  ADD CONSTRAINT `users_role_id_foreign` FOREIGN KEY (`role_id`) REFERENCES `roles` (`id`);
COMMIT;

/*!40101 SET CHARACTER_SET_CLIENT=@OLD_CHARACTER_SET_CLIENT */;
/*!40101 SET CHARACTER_SET_RESULTS=@OLD_CHARACTER_SET_RESULTS */;
/*!40101 SET COLLATION_CONNECTION=@OLD_COLLATION_CONNECTION */;
